#
# There is insufficient memory for the Java Runtime Environment to continue.
# Native memory allocation (malloc) failed to allocate 396192 bytes. Error detail: Chunk::new
# Possible reasons:
#   The system is out of physical RAM or swap space
#   This process is running with CompressedOops enabled, and the Java Heap may be blocking the growth of the native heap
# Possible solutions:
#   Reduce memory load on the system
#   Increase physical memory or swap space
#   Check if swap backing store is full
#   Decrease Java heap size (-Xmx/-Xms)
#   Decrease number of Java threads
#   Decrease Java thread stack sizes (-Xss)
#   Set larger code cache with -XX:ReservedCodeCacheSize=
#   JVM is running with Unscaled Compressed Oops mode in which the Java heap is
#     placed in the first 4GB address space. The Java Heap base address is the
#     maximum limit for the native heap growth. Please use -XX:HeapBaseMinAddress
#     to set the Java Heap base and to place the Java Heap above 4GB virtual address.
# This output file may be truncated or incomplete.
#
#  Out of Memory Error (arena.cpp:168), pid=35616, tid=24408
#
# JRE version: OpenJDK Runtime Environment Temurin-21.0.12.1+1 (21.0.12.1+1) (build 21.0.12.1+1-LTS)
# Java VM: OpenJDK 64-Bit Server VM Temurin-21.0.12.1+1 (21.0.12.1+1-LTS, mixed mode, sharing, tiered, compressed oops, compressed class ptrs, g1 gc, windows-amd64)
# No core dump will be written. Minidumps are not enabled by default on client versions of Windows
#

---------------  S U M M A R Y ------------

Command Line: --add-opens=java.base/java.util=ALL-UNNAMED --add-opens=java.base/java.lang=ALL-UNNAMED --add-opens=java.base/java.lang.invoke=ALL-UNNAMED --add-opens=java.prefs/java.util.prefs=ALL-UNNAMED --add-exports=jdk.compiler/com.sun.tools.javac.api=ALL-UNNAMED --add-exports=jdk.compiler/com.sun.tools.javac.util=ALL-UNNAMED --add-opens=java.base/java.nio.charset=ALL-UNNAMED --add-opens=java.base/java.net=ALL-UNNAMED --add-opens=java.base/java.util.concurrent.atomic=ALL-UNNAMED -XX:MaxMetaspaceSize=384m -XX:+HeapDumpOnOutOfMemoryError -Xms256m -Xmx512m -Dfile.encoding=utf8 -Duser.country=US -Duser.language=en -Duser.variant -javaagent:C:\Users\Angelina Thennessa\.gradle\wrapper\dists\gradle-8.9-bin\90cnw93cvbtalezasaz0blq0a\gradle-8.9\lib\agents\gradle-instrumentation-agent-8.9.jar org.gradle.launcher.daemon.bootstrap.GradleDaemon 8.9

Host: 13th Gen Intel(R) Core(TM) i5-13420H, 12 cores, 15G,  Windows 11 , 64 bit Build 26100 (10.0.26100.9168)
Time: Sat Sep  5 14:03:33 2026 SE Asia Standard Time elapsed time: 1015.887963 seconds (0d 0h 16m 55s)

---------------  T H R E A D  ---------------

Current thread (0x000001a230004c70):  JavaThread "C2 CompilerThread0" daemon [_thread_in_native, id=24408, stack(0x0000004dbfa00000,0x0000004dbfb00000) (1024K)]


Current CompileTask:
C2:1015888 7225       4       java.io.BufferedReader::implReadLine (301 bytes)

Stack: [0x0000004dbfa00000,0x0000004dbfb00000]
Native frames: (J=compiled Java code, j=interpreted, Vv=VM code, C=native code)
V  [jvm.dll+0x6d83e9]
V  [jvm.dll+0x8b5736]
V  [jvm.dll+0x8b7cee]
V  [jvm.dll+0x8b83d3]
V  [jvm.dll+0x284596]
V  [jvm.dll+0xc685d]
V  [jvm.dll+0xc6da1]
V  [jvm.dll+0x3bf18b]
V  [jvm.dll+0x38b6d2]
V  [jvm.dll+0x38ab1a]
V  [jvm.dll+0x24c700]
V  [jvm.dll+0x24bce0]
V  [jvm.dll+0x1cb4ae]
V  [jvm.dll+0x25baad]
V  [jvm.dll+0x25a03a]
V  [jvm.dll+0x3f8aae]
V  [jvm.dll+0x8600cd]
V  [jvm.dll+0x6d6c1d]
C  [ucrtbase.dll+0x2cd30]
C  [KERNEL32.DLL+0x2ccb7]
C  [ntdll.dll+0xaad6c]


---------------  P R O C E S S  ---------------

Threads class SMR info:
_java_thread_list=0x000001a24c750440, length=66, elements={
0x000001a21a2419a0, 0x000001a22fff5d60, 0x000001a22fff63d0, 0x000001a22fff7920,
0x000001a22fffafb0, 0x000001a22fffbc30, 0x000001a2300002b0, 0x000001a230004c70,
0x000001a230005320, 0x000001a2302eaf10, 0x000001a230316d40, 0x000001a24a0a8380,
0x000001a24a7d73f0, 0x000001a24ad8dc60, 0x000001a2307443f0, 0x000001a230744a60,
0x000001a24a657bc0, 0x000001a24a0a0450, 0x000001a24a9a4b00, 0x000001a24a9a5190,
0x000001a24a9a30c0, 0x000001a24a9a23a0, 0x000001a24a9a3de0, 0x000001a24a9a1d10,
0x000001a24a9a3750, 0x000001a24b8aba20, 0x000001a24b8ad460, 0x000001a24b8ac0b0,
0x000001a24b8ac740, 0x000001a24b8acdd0, 0x000001a24b8adaf0, 0x000001a24b8ae180,
0x000001a24b4b7200, 0x000001a24b4b9960, 0x000001a24b4b9ff0, 0x000001a24b4b6b70,
0x000001a24b4ba680, 0x000001a24b4bad10, 0x000001a24b4b7890, 0x000001a24b4be190,
0x000001a24b4bcde0, 0x000001a24b4bdb00, 0x000001a24b4bb3a0, 0x000001a24b4bba30,
0x000001a24b4bc0c0, 0x000001a24b4bc750, 0x000001a24b4bd470, 0x000001a24a9a4470,
0x000001a24c125ab0, 0x000001a24c124700, 0x000001a24c124070, 0x000001a24c127b80,
0x000001a24c126140, 0x000001a24c126e60, 0x000001a24c1267d0, 0x000001a24c125420,
0x000001a24c1274f0, 0x000001a24c128210, 0x000001a24c124d90, 0x000001a24c1288a0,
0x000001a24c12a970, 0x000001a24c12a2e0, 0x000001a24c128f30, 0x000001a24c129c50,
0x000001a24c12b690, 0x000001a24c1295c0
}

Java Threads: ( => current thread )
  0x000001a21a2419a0 JavaThread "main"                              [_thread_blocked, id=2580, stack(0x0000004dbec00000,0x0000004dbed00000) (1024K)]
  0x000001a22fff5d60 JavaThread "Reference Handler"          daemon [_thread_blocked, id=44308, stack(0x0000004dbf400000,0x0000004dbf500000) (1024K)]
  0x000001a22fff63d0 JavaThread "Finalizer"                  daemon [_thread_blocked, id=52096, stack(0x0000004dbf500000,0x0000004dbf600000) (1024K)]
  0x000001a22fff7920 JavaThread "Signal Dispatcher"          daemon [_thread_blocked, id=24196, stack(0x0000004dbf600000,0x0000004dbf700000) (1024K)]
  0x000001a22fffafb0 JavaThread "Attach Listener"            daemon [_thread_blocked, id=28424, stack(0x0000004dbf700000,0x0000004dbf800000) (1024K)]
  0x000001a22fffbc30 JavaThread "Service Thread"             daemon [_thread_blocked, id=46116, stack(0x0000004dbf800000,0x0000004dbf900000) (1024K)]
  0x000001a2300002b0 JavaThread "Monitor Deflation Thread"   daemon [_thread_blocked, id=38224, stack(0x0000004dbf900000,0x0000004dbfa00000) (1024K)]
=>0x000001a230004c70 JavaThread "C2 CompilerThread0"         daemon [_thread_in_native, id=24408, stack(0x0000004dbfa00000,0x0000004dbfb00000) (1024K)]
  0x000001a230005320 JavaThread "C1 CompilerThread0"         daemon [_thread_blocked, id=35844, stack(0x0000004dbfb00000,0x0000004dbfc00000) (1024K)]
  0x000001a2302eaf10 JavaThread "Common-Cleaner"             daemon [_thread_blocked, id=36720, stack(0x0000004dbfc00000,0x0000004dbfd00000) (1024K)]
  0x000001a230316d40 JavaThread "Notification Thread"        daemon [_thread_blocked, id=22228, stack(0x0000004dbfd00000,0x0000004dbfe00000) (1024K)]
  0x000001a24a0a8380 JavaThread "Daemon health stats"               [_thread_blocked, id=17524, stack(0x0000004dbea00000,0x0000004dbeb00000) (1024K)]
  0x000001a24a7d73f0 JavaThread "Incoming local TCP Connector on port 54665"        [_thread_in_native, id=27640, stack(0x0000004dbeb00000,0x0000004dbec00000) (1024K)]
  0x000001a24ad8dc60 JavaThread "Daemon periodic checks"            [_thread_blocked, id=3168, stack(0x0000004dc0300000,0x0000004dc0400000) (1024K)]
  0x000001a2307443f0 JavaThread "Daemon"                            [_thread_blocked, id=48064, stack(0x0000004dc0500000,0x0000004dc0600000) (1024K)]
  0x000001a230744a60 JavaThread "Handler for socket connection from /127.0.0.1:54665 to /127.0.0.1:54668"        [_thread_in_native, id=50348, stack(0x0000004dc0600000,0x0000004dc0700000) (1024K)]
  0x000001a24a657bc0 JavaThread "Cancel handler"                    [_thread_blocked, id=53972, stack(0x0000004dc0700000,0x0000004dc0800000) (1024K)]
  0x000001a24a0a0450 JavaThread "Daemon worker"                     [_thread_in_Java, id=19940, stack(0x0000004dc0800000,0x0000004dc0900000) (1024K)]
  0x000001a24a9a4b00 JavaThread "Asynchronous log dispatcher for DefaultDaemonConnection: socket connection from /127.0.0.1:54665 to /127.0.0.1:54668"        [_thread_blocked, id=45268, stack(0x0000004dc0900000,0x0000004dc0a00000) (1024K)]
  0x000001a24a9a5190 JavaThread "Stdin handler"                     [_thread_blocked, id=31212, stack(0x0000004dc0a00000,0x0000004dc0b00000) (1024K)]
  0x000001a24a9a30c0 JavaThread "Daemon client event forwarder"        [_thread_blocked, id=26568, stack(0x0000004dc0b00000,0x0000004dc0c00000) (1024K)]
  0x000001a24a9a23a0 JavaThread "Cache worker for journal cache (C:\Users\Angelina Thennessa\.gradle\caches\journal-1)"        [_thread_blocked, id=19096, stack(0x0000004dc0c00000,0x0000004dc0d00000) (1024K)]
  0x000001a24a9a3de0 JavaThread "File lock request listener"        [_thread_in_native, id=31232, stack(0x0000004dc0d00000,0x0000004dc0e00000) (1024K)]
  0x000001a24a9a1d10 JavaThread "Cache worker for file hash cache (C:\Users\Angelina Thennessa\.gradle\caches\8.9\fileHashes)"        [_thread_blocked, id=50624, stack(0x0000004dc0f00000,0x0000004dc1000000) (1024K)]
  0x000001a24a9a3750 JavaThread "Cache worker for file hash cache (D:\CollageStuff\Semester 5\MobileProgramming\flutter\packages\flutter_tools\gradle\.gradle\8.9\fileHashes)"        [_thread_blocked, id=49484, stack(0x0000004dc1400000,0x0000004dc1500000) (1024K)]
  0x000001a24b8aba20 JavaThread "Cache worker for Build Output Cleanup Cache (D:\CollageStuff\Semester 5\MobileProgramming\flutter\packages\flutter_tools\gradle\.gradle\buildOutputCleanup)"        [_thread_blocked, id=24972, stack(0x0000004dc1500000,0x0000004dc1600000) (1024K)]
  0x000001a24b8ad460 JavaThread "File watcher server"        daemon [_thread_in_native, id=28924, stack(0x0000004dc1600000,0x0000004dc1700000) (1024K)]
  0x000001a24b8ac0b0 JavaThread "File watcher consumer"      daemon [_thread_blocked, id=35148, stack(0x0000004dc1700000,0x0000004dc1800000) (1024K)]
  0x000001a24b8ac740 JavaThread "Cache worker for checksums cache (D:\CollageStuff\Semester 5\MobileProgramming\flutter\packages\flutter_tools\gradle\.gradle\8.9\checksums)"        [_thread_blocked, id=48960, stack(0x0000004dc1800000,0x0000004dc1900000) (1024K)]
  0x000001a24b8acdd0 JavaThread "Cache worker for file content cache (C:\Users\Angelina Thennessa\.gradle\caches\8.9\fileContent)"        [_thread_blocked, id=44228, stack(0x0000004dc1900000,0x0000004dc1a00000) (1024K)]
  0x000001a24b8adaf0 JavaThread "Cache worker for cache directory md-rule (C:\Users\Angelina Thennessa\.gradle\caches\8.9\md-rule)"        [_thread_blocked, id=24048, stack(0x0000004dc1a00000,0x0000004dc1b00000) (1024K)]
  0x000001a24b8ae180 JavaThread "Cache worker for cache directory md-supplier (C:\Users\Angelina Thennessa\.gradle\caches\8.9\md-supplier)"        [_thread_blocked, id=48648, stack(0x0000004dc1b00000,0x0000004dc1c00000) (1024K)]
  0x000001a24b4b7200 JavaThread "File lock release action executor Thread 4"        [_thread_blocked, id=39048, stack(0x0000004dc0e00000,0x0000004dc0f00000) (1024K)]
  0x000001a24b4b9960 JavaThread "Unconstrained build operations"        [_thread_blocked, id=48332, stack(0x0000004dc1c00000,0x0000004dc1d00000) (1024K)]
  0x000001a24b4b9ff0 JavaThread "Unconstrained build operations Thread 2"        [_thread_blocked, id=50408, stack(0x0000004dc1d00000,0x0000004dc1e00000) (1024K)]
  0x000001a24b4b6b70 JavaThread "Unconstrained build operations Thread 3"        [_thread_blocked, id=38680, stack(0x0000004dc1e00000,0x0000004dc1f00000) (1024K)]
  0x000001a24b4ba680 JavaThread "Unconstrained build operations Thread 4"        [_thread_blocked, id=26928, stack(0x0000004dc1f00000,0x0000004dc2000000) (1024K)]
  0x000001a24b4bad10 JavaThread "Unconstrained build operations Thread 5"        [_thread_blocked, id=42000, stack(0x0000004dc2000000,0x0000004dc2100000) (1024K)]
  0x000001a24b4b7890 JavaThread "Unconstrained build operations Thread 6"        [_thread_blocked, id=52412, stack(0x0000004dc2100000,0x0000004dc2200000) (1024K)]
  0x000001a24b4be190 JavaThread "Unconstrained build operations Thread 7"        [_thread_blocked, id=32564, stack(0x0000004dc2200000,0x0000004dc2300000) (1024K)]
  0x000001a24b4bcde0 JavaThread "Unconstrained build operations Thread 8"        [_thread_blocked, id=44584, stack(0x0000004dc2300000,0x0000004dc2400000) (1024K)]
  0x000001a24b4bdb00 JavaThread "Unconstrained build operations Thread 9"        [_thread_blocked, id=45788, stack(0x0000004dc2400000,0x0000004dc2500000) (1024K)]
  0x000001a24b4bb3a0 JavaThread "Unconstrained build operations Thread 10"        [_thread_blocked, id=32180, stack(0x0000004dc2500000,0x0000004dc2600000) (1024K)]
  0x000001a24b4bba30 JavaThread "Unconstrained build operations Thread 11"        [_thread_blocked, id=39028, stack(0x0000004dc2600000,0x0000004dc2700000) (1024K)]
  0x000001a24b4bc0c0 JavaThread "Unconstrained build operations Thread 12"        [_thread_blocked, id=23864, stack(0x0000004dc2700000,0x0000004dc2800000) (1024K)]
  0x000001a24b4bc750 JavaThread "Unconstrained build operations Thread 13"        [_thread_blocked, id=42204, stack(0x0000004dc2800000,0x0000004dc2900000) (1024K)]
  0x000001a24b4bd470 JavaThread "Unconstrained build operations Thread 14"        [_thread_blocked, id=16660, stack(0x0000004dc2900000,0x0000004dc2a00000) (1024K)]
  0x000001a24a9a4470 JavaThread "Unconstrained build operations Thread 15"        [_thread_blocked, id=40160, stack(0x0000004dc2a00000,0x0000004dc2b00000) (1024K)]
  0x000001a24c125ab0 JavaThread "Unconstrained build operations Thread 16"        [_thread_blocked, id=45252, stack(0x0000004dc2b00000,0x0000004dc2c00000) (1024K)]
  0x000001a24c124700 JavaThread "Unconstrained build operations Thread 17"        [_thread_blocked, id=35792, stack(0x0000004dc2c00000,0x0000004dc2d00000) (1024K)]
  0x000001a24c124070 JavaThread "Unconstrained build operations Thread 18"        [_thread_blocked, id=50140, stack(0x0000004dc2d00000,0x0000004dc2e00000) (1024K)]
  0x000001a24c127b80 JavaThread "Unconstrained build operations Thread 19"        [_thread_blocked, id=50876, stack(0x0000004dc2e00000,0x0000004dc2f00000) (1024K)]
  0x000001a24c126140 JavaThread "Unconstrained build operations Thread 20"        [_thread_blocked, id=26988, stack(0x0000004dc2f00000,0x0000004dc3000000) (1024K)]
  0x000001a24c126e60 JavaThread "Unconstrained build operations Thread 21"        [_thread_blocked, id=48432, stack(0x0000004dc3000000,0x0000004dc3100000) (1024K)]
  0x000001a24c1267d0 JavaThread "Unconstrained build operations Thread 22"        [_thread_blocked, id=22524, stack(0x0000004dc3100000,0x0000004dc3200000) (1024K)]
  0x000001a24c125420 JavaThread "Unconstrained build operations Thread 23"        [_thread_blocked, id=50988, stack(0x0000004dc3200000,0x0000004dc3300000) (1024K)]
  0x000001a24c1274f0 JavaThread "Unconstrained build operations Thread 24"        [_thread_blocked, id=30312, stack(0x0000004dc3300000,0x0000004dc3400000) (1024K)]
  0x000001a24c128210 JavaThread "Unconstrained build operations Thread 25"        [_thread_blocked, id=7324, stack(0x0000004dc3400000,0x0000004dc3500000) (1024K)]
  0x000001a24c124d90 JavaThread "Unconstrained build operations Thread 26"        [_thread_blocked, id=30744, stack(0x0000004dc3500000,0x0000004dc3600000) (1024K)]
  0x000001a24c1288a0 JavaThread "Unconstrained build operations Thread 27"        [_thread_blocked, id=396, stack(0x0000004dc3600000,0x0000004dc3700000) (1024K)]
  0x000001a24c12a970 JavaThread "Unconstrained build operations Thread 28"        [_thread_blocked, id=35812, stack(0x0000004dc3700000,0x0000004dc3800000) (1024K)]
  0x000001a24c12a2e0 JavaThread "Unconstrained build operations Thread 29"        [_thread_blocked, id=38312, stack(0x0000004dc3800000,0x0000004dc3900000) (1024K)]
  0x000001a24c128f30 JavaThread "Unconstrained build operations Thread 30"        [_thread_blocked, id=50384, stack(0x0000004dc3900000,0x0000004dc3a00000) (1024K)]
  0x000001a24c129c50 JavaThread "Unconstrained build operations Thread 31"        [_thread_blocked, id=46280, stack(0x0000004dc3a00000,0x0000004dc3b00000) (1024K)]
  0x000001a24c12b690 JavaThread "Unconstrained build operations Thread 32"        [_thread_blocked, id=48908, stack(0x0000004dc3b00000,0x0000004dc3c00000) (1024K)]
  0x000001a24c1295c0 JavaThread "Unconstrained build operations Thread 33"        [_thread_blocked, id=45008, stack(0x0000004dc3c00000,0x0000004dc3d00000) (1024K)]
Total: 66

Other Threads:
  0x000001a22ffd5440 VMThread "VM Thread"                           [id=52100, stack(0x0000004dbf300000,0x0000004dbf400000) (1024K)]
  0x000001a22ffc6860 WatcherThread "VM Periodic Task Thread"        [id=46016, stack(0x0000004dbf200000,0x0000004dbf300000) (1024K)]
  0x000001a21a26dca0 WorkerThread "GC Thread#0"                     [id=25696, stack(0x0000004dbed00000,0x0000004dbee00000) (1024K)]
  0x000001a23066e780 WorkerThread "GC Thread#1"                     [id=40920, stack(0x0000004dbfe00000,0x0000004dbff00000) (1024K)]
  0x000001a2305eaaa0 WorkerThread "GC Thread#2"                     [id=33128, stack(0x0000004dbff00000,0x0000004dc0000000) (1024K)]
  0x000001a2305eae50 WorkerThread "GC Thread#3"                     [id=24604, stack(0x0000004dc0000000,0x0000004dc0100000) (1024K)]
  0x000001a2309619c0 WorkerThread "GC Thread#4"                     [id=30232, stack(0x0000004dc0100000,0x0000004dc0200000) (1024K)]
  0x000001a2309624d0 WorkerThread "GC Thread#5"                     [id=20372, stack(0x0000004dc0200000,0x0000004dc0300000) (1024K)]
  0x000001a24a8a1d50 WorkerThread "GC Thread#6"                     [id=15756, stack(0x0000004dbe900000,0x0000004dbea00000) (1024K)]
  0x000001a24a8a24b0 WorkerThread "GC Thread#7"                     [id=48668, stack(0x0000004dc0400000,0x0000004dc0500000) (1024K)]
  0x000001a24a89ed60 WorkerThread "GC Thread#8"                     [id=53060, stack(0x0000004dc1000000,0x0000004dc1100000) (1024K)]
  0x000001a24a89f110 WorkerThread "GC Thread#9"                     [id=49468, stack(0x0000004dc1100000,0x0000004dc1200000) (1024K)]
  0x000001a21a272b90 ConcurrentGCThread "G1 Main Marker"            [id=12320, stack(0x0000004dbee00000,0x0000004dbef00000) (1024K)]
  0x000001a21a2745b0 WorkerThread "G1 Conc#0"                       [id=47236, stack(0x0000004dbef00000,0x0000004dbf000000) (1024K)]
  0x000001a24a89f4c0 WorkerThread "G1 Conc#1"                       [id=46436, stack(0x0000004dc1200000,0x0000004dc1300000) (1024K)]
  0x000001a24a89ffd0 WorkerThread "G1 Conc#2"                       [id=48796, stack(0x0000004dc1300000,0x0000004dc1400000) (1024K)]
  0x000001a22ff09ad0 ConcurrentGCThread "G1 Refine#0"               [id=52128, stack(0x0000004dbf000000,0x0000004dbf100000) (1024K)]
  0x000001a22ff0c080 ConcurrentGCThread "G1 Service"                [id=44344, stack(0x0000004dbf100000,0x0000004dbf200000) (1024K)]
Total: 18

Threads with active compile tasks:
C2 CompilerThread0  1015966 7225       4       java.io.BufferedReader::implReadLine (301 bytes)
Total: 1

VM state: not at safepoint (normal execution)

VM Mutex/Monitor currently owned by a thread: None

Heap address: 0x00000000e0000000, size: 512 MB, Compressed Oops mode: 32-bit

CDS archive(s) mapped at: [0x000001a231000000-0x000001a231ba0000-0x000001a231ba0000), size 12189696, SharedBaseAddress: 0x000001a231000000, ArchiveRelocationMode: 1.
Compressed class space mapped at: 0x000001a232000000-0x000001a246000000, reserved size: 335544320
Narrow klass base: 0x000001a231000000, Narrow klass shift: 0, Narrow klass range: 0x100000000

GC Precious Log:
 CardTable entry size: 512
 Card Set container configuration: InlinePtr #cards 5 size 8 Array Of Cards #cards 12 size 40 Howl #buckets 4 coarsen threshold 1843 Howl Bitmap #cards 512 size 80 coarsen threshold 460 Card regions per heap region 1 cards per card region 2048
 CPUs: 12 total, 12 available
 Memory: 16046M
 Large Page Support: Disabled
 NUMA Support: Disabled
 Compressed Oops: Enabled (32-bit)
 Heap Region Size: 1M
 Heap Min Capacity: 256M
 Heap Initial Capacity: 256M
 Heap Max Capacity: 512M
 Pre-touch: Disabled
 Parallel Workers: 10
 Concurrent Workers: 3
 Concurrent Refinement Workers: 10
 Periodic GC: Disabled

Heap:
 garbage-first heap   total 262144K, used 88371K [0x00000000e0000000, 0x0000000100000000)
  region size 1024K, 52 young (53248K), 2 survivors (2048K)
 Metaspace       used 47930K, committed 49600K, reserved 393216K
  class space    used 7036K, committed 7872K, reserved 327680K

Heap Regions: E=young(eden), S=young(survivor), O=old, HS=humongous(starts), HC=humongous(continues), CS=collection set, F=free, TAMS=top-at-mark-start, PB=parsable bottom
|   0|0x00000000e0000000, 0x00000000e0100000, 0x00000000e0100000|100%|HS|  |TAMS 0x00000000e0000000| PB 0x00000000e0000000| Complete 
|   1|0x00000000e0100000, 0x00000000e0200000, 0x00000000e0200000|100%|HC|  |TAMS 0x00000000e0100000| PB 0x00000000e0100000| Complete 
|   2|0x00000000e0200000, 0x00000000e0300000, 0x00000000e0300000|100%|HC|  |TAMS 0x00000000e0200000| PB 0x00000000e0200000| Complete 
|   3|0x00000000e0300000, 0x00000000e0400000, 0x00000000e0400000|100%|HC|  |TAMS 0x00000000e0300000| PB 0x00000000e0300000| Complete 
|   4|0x00000000e0400000, 0x00000000e0500000, 0x00000000e0500000|100%| O|  |TAMS 0x00000000e0400000| PB 0x00000000e0400000| Untracked 
|   5|0x00000000e0500000, 0x00000000e0600000, 0x00000000e0600000|100%| O|  |TAMS 0x00000000e0500000| PB 0x00000000e0500000| Untracked 
|   6|0x00000000e0600000, 0x00000000e0700000, 0x00000000e0700000|100%| O|  |TAMS 0x00000000e0600000| PB 0x00000000e0600000| Untracked 
|   7|0x00000000e0700000, 0x00000000e0800000, 0x00000000e0800000|100%| O|  |TAMS 0x00000000e0700000| PB 0x00000000e0700000| Untracked 
|   8|0x00000000e0800000, 0x00000000e0900000, 0x00000000e0900000|100%| O|  |TAMS 0x00000000e0800000| PB 0x00000000e0800000| Untracked 
|   9|0x00000000e0900000, 0x00000000e0a00000, 0x00000000e0a00000|100%| O|  |TAMS 0x00000000e0900000| PB 0x00000000e0900000| Untracked 
|  10|0x00000000e0a00000, 0x00000000e0b00000, 0x00000000e0b00000|100%|HS|  |TAMS 0x00000000e0a00000| PB 0x00000000e0a00000| Complete 
|  11|0x00000000e0b00000, 0x00000000e0c00000, 0x00000000e0c00000|100%| O|  |TAMS 0x00000000e0b00000| PB 0x00000000e0b00000| Untracked 
|  12|0x00000000e0c00000, 0x00000000e0d00000, 0x00000000e0d00000|100%| O|  |TAMS 0x00000000e0c00000| PB 0x00000000e0c00000| Untracked 
|  13|0x00000000e0d00000, 0x00000000e0e00000, 0x00000000e0e00000|100%| O|  |TAMS 0x00000000e0d00000| PB 0x00000000e0d00000| Untracked 
|  14|0x00000000e0e00000, 0x00000000e0f00000, 0x00000000e0f00000|100%| O|  |TAMS 0x00000000e0e00000| PB 0x00000000e0e00000| Untracked 
|  15|0x00000000e0f00000, 0x00000000e1000000, 0x00000000e1000000|100%| O|  |TAMS 0x00000000e0f00000| PB 0x00000000e0f00000| Untracked 
|  16|0x00000000e1000000, 0x00000000e1100000, 0x00000000e1100000|100%| O|  |TAMS 0x00000000e1000000| PB 0x00000000e1000000| Untracked 
|  17|0x00000000e1100000, 0x00000000e1200000, 0x00000000e1200000|100%| O|  |TAMS 0x00000000e1100000| PB 0x00000000e1100000| Untracked 
|  18|0x00000000e1200000, 0x00000000e1300000, 0x00000000e1300000|100%| O|  |TAMS 0x00000000e1200000| PB 0x00000000e1200000| Untracked 
|  19|0x00000000e1300000, 0x00000000e1400000, 0x00000000e1400000|100%| O|  |TAMS 0x00000000e1300000| PB 0x00000000e1300000| Untracked 
|  20|0x00000000e1400000, 0x00000000e1500000, 0x00000000e1500000|100%| O|  |TAMS 0x00000000e1400000| PB 0x00000000e1400000| Untracked 
|  21|0x00000000e1500000, 0x00000000e1600000, 0x00000000e1600000|100%| O|  |TAMS 0x00000000e1500000| PB 0x00000000e1500000| Untracked 
|  22|0x00000000e1600000, 0x00000000e1700000, 0x00000000e1700000|100%| O|  |TAMS 0x00000000e1600000| PB 0x00000000e1600000| Untracked 
|  23|0x00000000e1700000, 0x00000000e1800000, 0x00000000e1800000|100%| O|  |TAMS 0x00000000e1700000| PB 0x00000000e1700000| Untracked 
|  24|0x00000000e1800000, 0x00000000e1800000, 0x00000000e1900000|  0%| F|  |TAMS 0x00000000e1800000| PB 0x00000000e1800000| Untracked 
|  25|0x00000000e1900000, 0x00000000e1a00000, 0x00000000e1a00000|100%| O|  |TAMS 0x00000000e1900000| PB 0x00000000e1900000| Untracked 
|  26|0x00000000e1a00000, 0x00000000e1b00000, 0x00000000e1b00000|100%| O|  |TAMS 0x00000000e1a00000| PB 0x00000000e1a00000| Untracked 
|  27|0x00000000e1b00000, 0x00000000e1c00000, 0x00000000e1c00000|100%| O|  |TAMS 0x00000000e1b00000| PB 0x00000000e1b00000| Untracked 
|  28|0x00000000e1c00000, 0x00000000e1d00000, 0x00000000e1d00000|100%| O|  |TAMS 0x00000000e1c00000| PB 0x00000000e1c00000| Untracked 
|  29|0x00000000e1d00000, 0x00000000e1e00000, 0x00000000e1e00000|100%| O|  |TAMS 0x00000000e1d00000| PB 0x00000000e1d00000| Untracked 
|  30|0x00000000e1e00000, 0x00000000e1f00000, 0x00000000e1f00000|100%| O|  |TAMS 0x00000000e1e00000| PB 0x00000000e1e00000| Untracked 
|  31|0x00000000e1f00000, 0x00000000e2000000, 0x00000000e2000000|100%| O|  |TAMS 0x00000000e1f00000| PB 0x00000000e1f00000| Untracked 
|  32|0x00000000e2000000, 0x00000000e2100000, 0x00000000e2100000|100%| O|  |TAMS 0x00000000e2000000| PB 0x00000000e2000000| Untracked 
|  33|0x00000000e2100000, 0x00000000e2200000, 0x00000000e2200000|100%| O|  |TAMS 0x00000000e2100000| PB 0x00000000e2100000| Untracked 
|  34|0x00000000e2200000, 0x00000000e2300000, 0x00000000e2300000|100%| O|  |TAMS 0x00000000e2200000| PB 0x00000000e2200000| Untracked 
|  35|0x00000000e2300000, 0x00000000e2400000, 0x00000000e2400000|100%| O|  |TAMS 0x00000000e2300000| PB 0x00000000e2300000| Untracked 
|  36|0x00000000e2400000, 0x00000000e2500000, 0x00000000e2500000|100%| O|  |TAMS 0x00000000e2400000| PB 0x00000000e2400000| Untracked 
|  37|0x00000000e2500000, 0x00000000e254cc90, 0x00000000e2600000| 29%| O|  |TAMS 0x00000000e2500000| PB 0x00000000e2500000| Untracked 
|  38|0x00000000e2600000, 0x00000000e2600000, 0x00000000e2700000|  0%| F|  |TAMS 0x00000000e2600000| PB 0x00000000e2600000| Untracked 
|  39|0x00000000e2700000, 0x00000000e2700000, 0x00000000e2800000|  0%| F|  |TAMS 0x00000000e2700000| PB 0x00000000e2700000| Untracked 
|  40|0x00000000e2800000, 0x00000000e2800000, 0x00000000e2900000|  0%| F|  |TAMS 0x00000000e2800000| PB 0x00000000e2800000| Untracked 
|  41|0x00000000e2900000, 0x00000000e2900000, 0x00000000e2a00000|  0%| F|  |TAMS 0x00000000e2900000| PB 0x00000000e2900000| Untracked 
|  42|0x00000000e2a00000, 0x00000000e2a00000, 0x00000000e2b00000|  0%| F|  |TAMS 0x00000000e2a00000| PB 0x00000000e2a00000| Untracked 
|  43|0x00000000e2b00000, 0x00000000e2b00000, 0x00000000e2c00000|  0%| F|  |TAMS 0x00000000e2b00000| PB 0x00000000e2b00000| Untracked 
|  44|0x00000000e2c00000, 0x00000000e2c00000, 0x00000000e2d00000|  0%| F|  |TAMS 0x00000000e2c00000| PB 0x00000000e2c00000| Untracked 
|  45|0x00000000e2d00000, 0x00000000e2d00000, 0x00000000e2e00000|  0%| F|  |TAMS 0x00000000e2d00000| PB 0x00000000e2d00000| Untracked 
|  46|0x00000000e2e00000, 0x00000000e2e00000, 0x00000000e2f00000|  0%| F|  |TAMS 0x00000000e2e00000| PB 0x00000000e2e00000| Untracked 
|  47|0x00000000e2f00000, 0x00000000e2f00000, 0x00000000e3000000|  0%| F|  |TAMS 0x00000000e2f00000| PB 0x00000000e2f00000| Untracked 
|  48|0x00000000e3000000, 0x00000000e3000000, 0x00000000e3100000|  0%| F|  |TAMS 0x00000000e3000000| PB 0x00000000e3000000| Untracked 
|  49|0x00000000e3100000, 0x00000000e3100000, 0x00000000e3200000|  0%| F|  |TAMS 0x00000000e3100000| PB 0x00000000e3100000| Untracked 
|  50|0x00000000e3200000, 0x00000000e3200000, 0x00000000e3300000|  0%| F|  |TAMS 0x00000000e3200000| PB 0x00000000e3200000| Untracked 
|  51|0x00000000e3300000, 0x00000000e3300000, 0x00000000e3400000|  0%| F|  |TAMS 0x00000000e3300000| PB 0x00000000e3300000| Untracked 
|  52|0x00000000e3400000, 0x00000000e3400000, 0x00000000e3500000|  0%| F|  |TAMS 0x00000000e3400000| PB 0x00000000e3400000| Untracked 
|  53|0x00000000e3500000, 0x00000000e3500000, 0x00000000e3600000|  0%| F|  |TAMS 0x00000000e3500000| PB 0x00000000e3500000| Untracked 
|  54|0x00000000e3600000, 0x00000000e3600000, 0x00000000e3700000|  0%| F|  |TAMS 0x00000000e3600000| PB 0x00000000e3600000| Untracked 
|  55|0x00000000e3700000, 0x00000000e3700000, 0x00000000e3800000|  0%| F|  |TAMS 0x00000000e3700000| PB 0x00000000e3700000| Untracked 
|  56|0x00000000e3800000, 0x00000000e3800000, 0x00000000e3900000|  0%| F|  |TAMS 0x00000000e3800000| PB 0x00000000e3800000| Untracked 
|  57|0x00000000e3900000, 0x00000000e3900000, 0x00000000e3a00000|  0%| F|  |TAMS 0x00000000e3900000| PB 0x00000000e3900000| Untracked 
|  58|0x00000000e3a00000, 0x00000000e3a00000, 0x00000000e3b00000|  0%| F|  |TAMS 0x00000000e3a00000| PB 0x00000000e3a00000| Untracked 
|  59|0x00000000e3b00000, 0x00000000e3b00000, 0x00000000e3c00000|  0%| F|  |TAMS 0x00000000e3b00000| PB 0x00000000e3b00000| Untracked 
|  60|0x00000000e3c00000, 0x00000000e3c00000, 0x00000000e3d00000|  0%| F|  |TAMS 0x00000000e3c00000| PB 0x00000000e3c00000| Untracked 
|  61|0x00000000e3d00000, 0x00000000e3d00000, 0x00000000e3e00000|  0%| F|  |TAMS 0x00000000e3d00000| PB 0x00000000e3d00000| Untracked 
|  62|0x00000000e3e00000, 0x00000000e3e00000, 0x00000000e3f00000|  0%| F|  |TAMS 0x00000000e3e00000| PB 0x00000000e3e00000| Untracked 
|  63|0x00000000e3f00000, 0x00000000e3f00000, 0x00000000e4000000|  0%| F|  |TAMS 0x00000000e3f00000| PB 0x00000000e3f00000| Untracked 
|  64|0x00000000e4000000, 0x00000000e4000000, 0x00000000e4100000|  0%| F|  |TAMS 0x00000000e4000000| PB 0x00000000e4000000| Untracked 
|  65|0x00000000e4100000, 0x00000000e4100000, 0x00000000e4200000|  0%| F|  |TAMS 0x00000000e4100000| PB 0x00000000e4100000| Untracked 
|  66|0x00000000e4200000, 0x00000000e4200000, 0x00000000e4300000|  0%| F|  |TAMS 0x00000000e4200000| PB 0x00000000e4200000| Untracked 
|  67|0x00000000e4300000, 0x00000000e4300000, 0x00000000e4400000|  0%| F|  |TAMS 0x00000000e4300000| PB 0x00000000e4300000| Untracked 
|  68|0x00000000e4400000, 0x00000000e4400000, 0x00000000e4500000|  0%| F|  |TAMS 0x00000000e4400000| PB 0x00000000e4400000| Untracked 
|  69|0x00000000e4500000, 0x00000000e4500000, 0x00000000e4600000|  0%| F|  |TAMS 0x00000000e4500000| PB 0x00000000e4500000| Untracked 
|  70|0x00000000e4600000, 0x00000000e4600000, 0x00000000e4700000|  0%| F|  |TAMS 0x00000000e4600000| PB 0x00000000e4600000| Untracked 
|  71|0x00000000e4700000, 0x00000000e4700000, 0x00000000e4800000|  0%| F|  |TAMS 0x00000000e4700000| PB 0x00000000e4700000| Untracked 
|  72|0x00000000e4800000, 0x00000000e4800000, 0x00000000e4900000|  0%| F|  |TAMS 0x00000000e4800000| PB 0x00000000e4800000| Untracked 
|  73|0x00000000e4900000, 0x00000000e4900000, 0x00000000e4a00000|  0%| F|  |TAMS 0x00000000e4900000| PB 0x00000000e4900000| Untracked 
|  74|0x00000000e4a00000, 0x00000000e4a00000, 0x00000000e4b00000|  0%| F|  |TAMS 0x00000000e4a00000| PB 0x00000000e4a00000| Untracked 
|  75|0x00000000e4b00000, 0x00000000e4b00000, 0x00000000e4c00000|  0%| F|  |TAMS 0x00000000e4b00000| PB 0x00000000e4b00000| Untracked 
|  76|0x00000000e4c00000, 0x00000000e4c00000, 0x00000000e4d00000|  0%| F|  |TAMS 0x00000000e4c00000| PB 0x00000000e4c00000| Untracked 
|  77|0x00000000e4d00000, 0x00000000e4d00000, 0x00000000e4e00000|  0%| F|  |TAMS 0x00000000e4d00000| PB 0x00000000e4d00000| Untracked 
|  78|0x00000000e4e00000, 0x00000000e4e00000, 0x00000000e4f00000|  0%| F|  |TAMS 0x00000000e4e00000| PB 0x00000000e4e00000| Untracked 
|  79|0x00000000e4f00000, 0x00000000e4f00000, 0x00000000e5000000|  0%| F|  |TAMS 0x00000000e4f00000| PB 0x00000000e4f00000| Untracked 
|  80|0x00000000e5000000, 0x00000000e5000000, 0x00000000e5100000|  0%| F|  |TAMS 0x00000000e5000000| PB 0x00000000e5000000| Untracked 
|  81|0x00000000e5100000, 0x00000000e5100000, 0x00000000e5200000|  0%| F|  |TAMS 0x00000000e5100000| PB 0x00000000e5100000| Untracked 
|  82|0x00000000e5200000, 0x00000000e5200000, 0x00000000e5300000|  0%| F|  |TAMS 0x00000000e5200000| PB 0x00000000e5200000| Untracked 
|  83|0x00000000e5300000, 0x00000000e5300000, 0x00000000e5400000|  0%| F|  |TAMS 0x00000000e5300000| PB 0x00000000e5300000| Untracked 
|  84|0x00000000e5400000, 0x00000000e5400000, 0x00000000e5500000|  0%| F|  |TAMS 0x00000000e5400000| PB 0x00000000e5400000| Untracked 
|  85|0x00000000e5500000, 0x00000000e5500000, 0x00000000e5600000|  0%| F|  |TAMS 0x00000000e5500000| PB 0x00000000e5500000| Untracked 
|  86|0x00000000e5600000, 0x00000000e5600000, 0x00000000e5700000|  0%| F|  |TAMS 0x00000000e5600000| PB 0x00000000e5600000| Untracked 
|  87|0x00000000e5700000, 0x00000000e5700000, 0x00000000e5800000|  0%| F|  |TAMS 0x00000000e5700000| PB 0x00000000e5700000| Untracked 
|  88|0x00000000e5800000, 0x00000000e5800000, 0x00000000e5900000|  0%| F|  |TAMS 0x00000000e5800000| PB 0x00000000e5800000| Untracked 
|  89|0x00000000e5900000, 0x00000000e5900000, 0x00000000e5a00000|  0%| F|  |TAMS 0x00000000e5900000| PB 0x00000000e5900000| Untracked 
|  90|0x00000000e5a00000, 0x00000000e5a00000, 0x00000000e5b00000|  0%| F|  |TAMS 0x00000000e5a00000| PB 0x00000000e5a00000| Untracked 
|  91|0x00000000e5b00000, 0x00000000e5b00000, 0x00000000e5c00000|  0%| F|  |TAMS 0x00000000e5b00000| PB 0x00000000e5b00000| Untracked 
|  92|0x00000000e5c00000, 0x00000000e5c00000, 0x00000000e5d00000|  0%| F|  |TAMS 0x00000000e5c00000| PB 0x00000000e5c00000| Untracked 
|  93|0x00000000e5d00000, 0x00000000e5d00000, 0x00000000e5e00000|  0%| F|  |TAMS 0x00000000e5d00000| PB 0x00000000e5d00000| Untracked 
|  94|0x00000000e5e00000, 0x00000000e5e00000, 0x00000000e5f00000|  0%| F|  |TAMS 0x00000000e5e00000| PB 0x00000000e5e00000| Untracked 
|  95|0x00000000e5f00000, 0x00000000e5f00000, 0x00000000e6000000|  0%| F|  |TAMS 0x00000000e5f00000| PB 0x00000000e5f00000| Untracked 
|  96|0x00000000e6000000, 0x00000000e6000000, 0x00000000e6100000|  0%| F|  |TAMS 0x00000000e6000000| PB 0x00000000e6000000| Untracked 
|  97|0x00000000e6100000, 0x00000000e6100000, 0x00000000e6200000|  0%| F|  |TAMS 0x00000000e6100000| PB 0x00000000e6100000| Untracked 
|  98|0x00000000e6200000, 0x00000000e6200000, 0x00000000e6300000|  0%| F|  |TAMS 0x00000000e6200000| PB 0x00000000e6200000| Untracked 
|  99|0x00000000e6300000, 0x00000000e6300000, 0x00000000e6400000|  0%| F|  |TAMS 0x00000000e6300000| PB 0x00000000e6300000| Untracked 
| 100|0x00000000e6400000, 0x00000000e6400000, 0x00000000e6500000|  0%| F|  |TAMS 0x00000000e6400000| PB 0x00000000e6400000| Untracked 
| 101|0x00000000e6500000, 0x00000000e6500000, 0x00000000e6600000|  0%| F|  |TAMS 0x00000000e6500000| PB 0x00000000e6500000| Untracked 
| 102|0x00000000e6600000, 0x00000000e6600000, 0x00000000e6700000|  0%| F|  |TAMS 0x00000000e6600000| PB 0x00000000e6600000| Untracked 
| 103|0x00000000e6700000, 0x00000000e6700000, 0x00000000e6800000|  0%| F|  |TAMS 0x00000000e6700000| PB 0x00000000e6700000| Untracked 
| 104|0x00000000e6800000, 0x00000000e6800000, 0x00000000e6900000|  0%| F|  |TAMS 0x00000000e6800000| PB 0x00000000e6800000| Untracked 
| 105|0x00000000e6900000, 0x00000000e6900000, 0x00000000e6a00000|  0%| F|  |TAMS 0x00000000e6900000| PB 0x00000000e6900000| Untracked 
| 106|0x00000000e6a00000, 0x00000000e6a00000, 0x00000000e6b00000|  0%| F|  |TAMS 0x00000000e6a00000| PB 0x00000000e6a00000| Untracked 
| 107|0x00000000e6b00000, 0x00000000e6b00000, 0x00000000e6c00000|  0%| F|  |TAMS 0x00000000e6b00000| PB 0x00000000e6b00000| Untracked 
| 108|0x00000000e6c00000, 0x00000000e6c00000, 0x00000000e6d00000|  0%| F|  |TAMS 0x00000000e6c00000| PB 0x00000000e6c00000| Untracked 
| 109|0x00000000e6d00000, 0x00000000e6d00000, 0x00000000e6e00000|  0%| F|  |TAMS 0x00000000e6d00000| PB 0x00000000e6d00000| Untracked 
| 110|0x00000000e6e00000, 0x00000000e6e00000, 0x00000000e6f00000|  0%| F|  |TAMS 0x00000000e6e00000| PB 0x00000000e6e00000| Untracked 
| 111|0x00000000e6f00000, 0x00000000e6f00000, 0x00000000e7000000|  0%| F|  |TAMS 0x00000000e6f00000| PB 0x00000000e6f00000| Untracked 
| 112|0x00000000e7000000, 0x00000000e7000000, 0x00000000e7100000|  0%| F|  |TAMS 0x00000000e7000000| PB 0x00000000e7000000| Untracked 
| 113|0x00000000e7100000, 0x00000000e7100000, 0x00000000e7200000|  0%| F|  |TAMS 0x00000000e7100000| PB 0x00000000e7100000| Untracked 
| 114|0x00000000e7200000, 0x00000000e7200000, 0x00000000e7300000|  0%| F|  |TAMS 0x00000000e7200000| PB 0x00000000e7200000| Untracked 
| 115|0x00000000e7300000, 0x00000000e7300000, 0x00000000e7400000|  0%| F|  |TAMS 0x00000000e7300000| PB 0x00000000e7300000| Untracked 
| 116|0x00000000e7400000, 0x00000000e7400000, 0x00000000e7500000|  0%| F|  |TAMS 0x00000000e7400000| PB 0x00000000e7400000| Untracked 
| 117|0x00000000e7500000, 0x00000000e7500000, 0x00000000e7600000|  0%| F|  |TAMS 0x00000000e7500000| PB 0x00000000e7500000| Untracked 
| 118|0x00000000e7600000, 0x00000000e7600000, 0x00000000e7700000|  0%| F|  |TAMS 0x00000000e7600000| PB 0x00000000e7600000| Untracked 
| 119|0x00000000e7700000, 0x00000000e7700000, 0x00000000e7800000|  0%| F|  |TAMS 0x00000000e7700000| PB 0x00000000e7700000| Untracked 
| 120|0x00000000e7800000, 0x00000000e7800000, 0x00000000e7900000|  0%| F|  |TAMS 0x00000000e7800000| PB 0x00000000e7800000| Untracked 
| 121|0x00000000e7900000, 0x00000000e7900000, 0x00000000e7a00000|  0%| F|  |TAMS 0x00000000e7900000| PB 0x00000000e7900000| Untracked 
| 122|0x00000000e7a00000, 0x00000000e7a00000, 0x00000000e7b00000|  0%| F|  |TAMS 0x00000000e7a00000| PB 0x00000000e7a00000| Untracked 
| 123|0x00000000e7b00000, 0x00000000e7b00000, 0x00000000e7c00000|  0%| F|  |TAMS 0x00000000e7b00000| PB 0x00000000e7b00000| Untracked 
| 124|0x00000000e7c00000, 0x00000000e7c00000, 0x00000000e7d00000|  0%| F|  |TAMS 0x00000000e7c00000| PB 0x00000000e7c00000| Untracked 
| 125|0x00000000e7d00000, 0x00000000e7d00000, 0x00000000e7e00000|  0%| F|  |TAMS 0x00000000e7d00000| PB 0x00000000e7d00000| Untracked 
| 126|0x00000000e7e00000, 0x00000000e7e00000, 0x00000000e7f00000|  0%| F|  |TAMS 0x00000000e7e00000| PB 0x00000000e7e00000| Untracked 
| 127|0x00000000e7f00000, 0x00000000e7f00000, 0x00000000e8000000|  0%| F|  |TAMS 0x00000000e7f00000| PB 0x00000000e7f00000| Untracked 
| 128|0x00000000e8000000, 0x00000000e8000000, 0x00000000e8100000|  0%| F|  |TAMS 0x00000000e8000000| PB 0x00000000e8000000| Untracked 
| 129|0x00000000e8100000, 0x00000000e8100000, 0x00000000e8200000|  0%| F|  |TAMS 0x00000000e8100000| PB 0x00000000e8100000| Untracked 
| 130|0x00000000e8200000, 0x00000000e8200000, 0x00000000e8300000|  0%| F|  |TAMS 0x00000000e8200000| PB 0x00000000e8200000| Untracked 
| 131|0x00000000e8300000, 0x00000000e8300000, 0x00000000e8400000|  0%| F|  |TAMS 0x00000000e8300000| PB 0x00000000e8300000| Untracked 
| 132|0x00000000e8400000, 0x00000000e8400000, 0x00000000e8500000|  0%| F|  |TAMS 0x00000000e8400000| PB 0x00000000e8400000| Untracked 
| 133|0x00000000e8500000, 0x00000000e8500000, 0x00000000e8600000|  0%| F|  |TAMS 0x00000000e8500000| PB 0x00000000e8500000| Untracked 
| 134|0x00000000e8600000, 0x00000000e8600000, 0x00000000e8700000|  0%| F|  |TAMS 0x00000000e8600000| PB 0x00000000e8600000| Untracked 
| 135|0x00000000e8700000, 0x00000000e8700000, 0x00000000e8800000|  0%| F|  |TAMS 0x00000000e8700000| PB 0x00000000e8700000| Untracked 
| 136|0x00000000e8800000, 0x00000000e8800000, 0x00000000e8900000|  0%| F|  |TAMS 0x00000000e8800000| PB 0x00000000e8800000| Untracked 
| 137|0x00000000e8900000, 0x00000000e8900000, 0x00000000e8a00000|  0%| F|  |TAMS 0x00000000e8900000| PB 0x00000000e8900000| Untracked 
| 138|0x00000000e8a00000, 0x00000000e8a00000, 0x00000000e8b00000|  0%| F|  |TAMS 0x00000000e8a00000| PB 0x00000000e8a00000| Untracked 
| 139|0x00000000e8b00000, 0x00000000e8b00000, 0x00000000e8c00000|  0%| F|  |TAMS 0x00000000e8b00000| PB 0x00000000e8b00000| Untracked 
| 140|0x00000000e8c00000, 0x00000000e8c00000, 0x00000000e8d00000|  0%| F|  |TAMS 0x00000000e8c00000| PB 0x00000000e8c00000| Untracked 
| 141|0x00000000e8d00000, 0x00000000e8d00000, 0x00000000e8e00000|  0%| F|  |TAMS 0x00000000e8d00000| PB 0x00000000e8d00000| Untracked 
| 142|0x00000000e8e00000, 0x00000000e8e00000, 0x00000000e8f00000|  0%| F|  |TAMS 0x00000000e8e00000| PB 0x00000000e8e00000| Untracked 
| 143|0x00000000e8f00000, 0x00000000e8f00000, 0x00000000e9000000|  0%| F|  |TAMS 0x00000000e8f00000| PB 0x00000000e8f00000| Untracked 
| 144|0x00000000e9000000, 0x00000000e9000000, 0x00000000e9100000|  0%| F|  |TAMS 0x00000000e9000000| PB 0x00000000e9000000| Untracked 
| 145|0x00000000e9100000, 0x00000000e9100000, 0x00000000e9200000|  0%| F|  |TAMS 0x00000000e9100000| PB 0x00000000e9100000| Untracked 
| 146|0x00000000e9200000, 0x00000000e9200000, 0x00000000e9300000|  0%| F|  |TAMS 0x00000000e9200000| PB 0x00000000e9200000| Untracked 
| 147|0x00000000e9300000, 0x00000000e9300000, 0x00000000e9400000|  0%| F|  |TAMS 0x00000000e9300000| PB 0x00000000e9300000| Untracked 
| 148|0x00000000e9400000, 0x00000000e9400000, 0x00000000e9500000|  0%| F|  |TAMS 0x00000000e9400000| PB 0x00000000e9400000| Untracked 
| 149|0x00000000e9500000, 0x00000000e9500000, 0x00000000e9600000|  0%| F|  |TAMS 0x00000000e9500000| PB 0x00000000e9500000| Untracked 
| 150|0x00000000e9600000, 0x00000000e9600000, 0x00000000e9700000|  0%| F|  |TAMS 0x00000000e9600000| PB 0x00000000e9600000| Untracked 
| 151|0x00000000e9700000, 0x00000000e9700000, 0x00000000e9800000|  0%| F|  |TAMS 0x00000000e9700000| PB 0x00000000e9700000| Untracked 
| 152|0x00000000e9800000, 0x00000000e9800000, 0x00000000e9900000|  0%| F|  |TAMS 0x00000000e9800000| PB 0x00000000e9800000| Untracked 
| 153|0x00000000e9900000, 0x00000000e9900000, 0x00000000e9a00000|  0%| F|  |TAMS 0x00000000e9900000| PB 0x00000000e9900000| Untracked 
| 154|0x00000000e9a00000, 0x00000000e9a00000, 0x00000000e9b00000|  0%| F|  |TAMS 0x00000000e9a00000| PB 0x00000000e9a00000| Untracked 
| 155|0x00000000e9b00000, 0x00000000e9b00000, 0x00000000e9c00000|  0%| F|  |TAMS 0x00000000e9b00000| PB 0x00000000e9b00000| Untracked 
| 156|0x00000000e9c00000, 0x00000000e9c00000, 0x00000000e9d00000|  0%| F|  |TAMS 0x00000000e9c00000| PB 0x00000000e9c00000| Untracked 
| 157|0x00000000e9d00000, 0x00000000e9d00000, 0x00000000e9e00000|  0%| F|  |TAMS 0x00000000e9d00000| PB 0x00000000e9d00000| Untracked 
| 158|0x00000000e9e00000, 0x00000000e9e00000, 0x00000000e9f00000|  0%| F|  |TAMS 0x00000000e9e00000| PB 0x00000000e9e00000| Untracked 
| 159|0x00000000e9f00000, 0x00000000e9f00000, 0x00000000ea000000|  0%| F|  |TAMS 0x00000000e9f00000| PB 0x00000000e9f00000| Untracked 
| 160|0x00000000ea000000, 0x00000000ea000000, 0x00000000ea100000|  0%| F|  |TAMS 0x00000000ea000000| PB 0x00000000ea000000| Untracked 
| 161|0x00000000ea100000, 0x00000000ea100000, 0x00000000ea200000|  0%| F|  |TAMS 0x00000000ea100000| PB 0x00000000ea100000| Untracked 
| 162|0x00000000ea200000, 0x00000000ea200000, 0x00000000ea300000|  0%| F|  |TAMS 0x00000000ea200000| PB 0x00000000ea200000| Untracked 
| 163|0x00000000ea300000, 0x00000000ea300000, 0x00000000ea400000|  0%| F|  |TAMS 0x00000000ea300000| PB 0x00000000ea300000| Untracked 
| 164|0x00000000ea400000, 0x00000000ea400000, 0x00000000ea500000|  0%| F|  |TAMS 0x00000000ea400000| PB 0x00000000ea400000| Untracked 
| 165|0x00000000ea500000, 0x00000000ea500000, 0x00000000ea600000|  0%| F|  |TAMS 0x00000000ea500000| PB 0x00000000ea500000| Untracked 
| 166|0x00000000ea600000, 0x00000000ea600000, 0x00000000ea700000|  0%| F|  |TAMS 0x00000000ea600000| PB 0x00000000ea600000| Untracked 
| 167|0x00000000ea700000, 0x00000000ea700000, 0x00000000ea800000|  0%| F|  |TAMS 0x00000000ea700000| PB 0x00000000ea700000| Untracked 
| 168|0x00000000ea800000, 0x00000000ea800000, 0x00000000ea900000|  0%| F|  |TAMS 0x00000000ea800000| PB 0x00000000ea800000| Untracked 
| 169|0x00000000ea900000, 0x00000000ea900000, 0x00000000eaa00000|  0%| F|  |TAMS 0x00000000ea900000| PB 0x00000000ea900000| Untracked 
| 170|0x00000000eaa00000, 0x00000000eaa00000, 0x00000000eab00000|  0%| F|  |TAMS 0x00000000eaa00000| PB 0x00000000eaa00000| Untracked 
| 171|0x00000000eab00000, 0x00000000eab00000, 0x00000000eac00000|  0%| F|  |TAMS 0x00000000eab00000| PB 0x00000000eab00000| Untracked 
| 172|0x00000000eac00000, 0x00000000eac00000, 0x00000000ead00000|  0%| F|  |TAMS 0x00000000eac00000| PB 0x00000000eac00000| Untracked 
| 173|0x00000000ead00000, 0x00000000ead00000, 0x00000000eae00000|  0%| F|  |TAMS 0x00000000ead00000| PB 0x00000000ead00000| Untracked 
| 174|0x00000000eae00000, 0x00000000eae00000, 0x00000000eaf00000|  0%| F|  |TAMS 0x00000000eae00000| PB 0x00000000eae00000| Untracked 
| 175|0x00000000eaf00000, 0x00000000eaf00000, 0x00000000eb000000|  0%| F|  |TAMS 0x00000000eaf00000| PB 0x00000000eaf00000| Untracked 
| 176|0x00000000eb000000, 0x00000000eb000000, 0x00000000eb100000|  0%| F|  |TAMS 0x00000000eb000000| PB 0x00000000eb000000| Untracked 
| 177|0x00000000eb100000, 0x00000000eb100000, 0x00000000eb200000|  0%| F|  |TAMS 0x00000000eb100000| PB 0x00000000eb100000| Untracked 
| 178|0x00000000eb200000, 0x00000000eb200000, 0x00000000eb300000|  0%| F|  |TAMS 0x00000000eb200000| PB 0x00000000eb200000| Untracked 
| 179|0x00000000eb300000, 0x00000000eb300000, 0x00000000eb400000|  0%| F|  |TAMS 0x00000000eb300000| PB 0x00000000eb300000| Untracked 
| 180|0x00000000eb400000, 0x00000000eb400000, 0x00000000eb500000|  0%| F|  |TAMS 0x00000000eb400000| PB 0x00000000eb400000| Untracked 
| 181|0x00000000eb500000, 0x00000000eb500000, 0x00000000eb600000|  0%| F|  |TAMS 0x00000000eb500000| PB 0x00000000eb500000| Untracked 
| 182|0x00000000eb600000, 0x00000000eb600000, 0x00000000eb700000|  0%| F|  |TAMS 0x00000000eb600000| PB 0x00000000eb600000| Untracked 
| 183|0x00000000eb700000, 0x00000000eb700000, 0x00000000eb800000|  0%| F|  |TAMS 0x00000000eb700000| PB 0x00000000eb700000| Untracked 
| 184|0x00000000eb800000, 0x00000000eb800000, 0x00000000eb900000|  0%| F|  |TAMS 0x00000000eb800000| PB 0x00000000eb800000| Untracked 
| 185|0x00000000eb900000, 0x00000000eb900000, 0x00000000eba00000|  0%| F|  |TAMS 0x00000000eb900000| PB 0x00000000eb900000| Untracked 
| 186|0x00000000eba00000, 0x00000000eba00000, 0x00000000ebb00000|  0%| F|  |TAMS 0x00000000eba00000| PB 0x00000000eba00000| Untracked 
| 187|0x00000000ebb00000, 0x00000000ebb00000, 0x00000000ebc00000|  0%| F|  |TAMS 0x00000000ebb00000| PB 0x00000000ebb00000| Untracked 
| 188|0x00000000ebc00000, 0x00000000ebc00000, 0x00000000ebd00000|  0%| F|  |TAMS 0x00000000ebc00000| PB 0x00000000ebc00000| Untracked 
| 189|0x00000000ebd00000, 0x00000000ebd00000, 0x00000000ebe00000|  0%| F|  |TAMS 0x00000000ebd00000| PB 0x00000000ebd00000| Untracked 
| 190|0x00000000ebe00000, 0x00000000ebe00000, 0x00000000ebf00000|  0%| F|  |TAMS 0x00000000ebe00000| PB 0x00000000ebe00000| Untracked 
| 191|0x00000000ebf00000, 0x00000000ebf00000, 0x00000000ec000000|  0%| F|  |TAMS 0x00000000ebf00000| PB 0x00000000ebf00000| Untracked 
| 192|0x00000000ec000000, 0x00000000ec000000, 0x00000000ec100000|  0%| F|  |TAMS 0x00000000ec000000| PB 0x00000000ec000000| Untracked 
| 193|0x00000000ec100000, 0x00000000ec100000, 0x00000000ec200000|  0%| F|  |TAMS 0x00000000ec100000| PB 0x00000000ec100000| Untracked 
| 194|0x00000000ec200000, 0x00000000ec200000, 0x00000000ec300000|  0%| F|  |TAMS 0x00000000ec200000| PB 0x00000000ec200000| Untracked 
| 195|0x00000000ec300000, 0x00000000ec300000, 0x00000000ec400000|  0%| F|  |TAMS 0x00000000ec300000| PB 0x00000000ec300000| Untracked 
| 196|0x00000000ec400000, 0x00000000ec400000, 0x00000000ec500000|  0%| F|  |TAMS 0x00000000ec400000| PB 0x00000000ec400000| Untracked 
| 197|0x00000000ec500000, 0x00000000ec500000, 0x00000000ec600000|  0%| F|  |TAMS 0x00000000ec500000| PB 0x00000000ec500000| Untracked 
| 198|0x00000000ec600000, 0x00000000ec600000, 0x00000000ec700000|  0%| F|  |TAMS 0x00000000ec600000| PB 0x00000000ec600000| Untracked 
| 199|0x00000000ec700000, 0x00000000ec700000, 0x00000000ec800000|  0%| F|  |TAMS 0x00000000ec700000| PB 0x00000000ec700000| Untracked 
| 200|0x00000000ec800000, 0x00000000ec800000, 0x00000000ec900000|  0%| F|  |TAMS 0x00000000ec800000| PB 0x00000000ec800000| Untracked 
| 201|0x00000000ec900000, 0x00000000ec900000, 0x00000000eca00000|  0%| F|  |TAMS 0x00000000ec900000| PB 0x00000000ec900000| Untracked 
| 202|0x00000000eca00000, 0x00000000eca00000, 0x00000000ecb00000|  0%| F|  |TAMS 0x00000000eca00000| PB 0x00000000eca00000| Untracked 
| 203|0x00000000ecb00000, 0x00000000ecb00000, 0x00000000ecc00000|  0%| F|  |TAMS 0x00000000ecb00000| PB 0x00000000ecb00000| Untracked 
| 204|0x00000000ecc00000, 0x00000000ecc968b0, 0x00000000ecd00000| 58%| E|  |TAMS 0x00000000ecc00000| PB 0x00000000ecc00000| Complete 
| 205|0x00000000ecd00000, 0x00000000ece00000, 0x00000000ece00000|100%| E|  |TAMS 0x00000000ecd00000| PB 0x00000000ecd00000| Complete 
| 206|0x00000000ece00000, 0x00000000ecf00000, 0x00000000ecf00000|100%| E|CS|TAMS 0x00000000ece00000| PB 0x00000000ece00000| Complete 
| 207|0x00000000ecf00000, 0x00000000ed000000, 0x00000000ed000000|100%| E|CS|TAMS 0x00000000ecf00000| PB 0x00000000ecf00000| Complete 
| 208|0x00000000ed000000, 0x00000000ed100000, 0x00000000ed100000|100%| E|CS|TAMS 0x00000000ed000000| PB 0x00000000ed000000| Complete 
| 209|0x00000000ed100000, 0x00000000ed200000, 0x00000000ed200000|100%| E|CS|TAMS 0x00000000ed100000| PB 0x00000000ed100000| Complete 
| 210|0x00000000ed200000, 0x00000000ed300000, 0x00000000ed300000|100%| E|CS|TAMS 0x00000000ed200000| PB 0x00000000ed200000| Complete 
| 211|0x00000000ed300000, 0x00000000ed400000, 0x00000000ed400000|100%| E|CS|TAMS 0x00000000ed300000| PB 0x00000000ed300000| Complete 
| 212|0x00000000ed400000, 0x00000000ed500000, 0x00000000ed500000|100%| E|CS|TAMS 0x00000000ed400000| PB 0x00000000ed400000| Complete 
| 213|0x00000000ed500000, 0x00000000ed600000, 0x00000000ed600000|100%| E|CS|TAMS 0x00000000ed500000| PB 0x00000000ed500000| Complete 
| 214|0x00000000ed600000, 0x00000000ed700000, 0x00000000ed700000|100%| E|CS|TAMS 0x00000000ed600000| PB 0x00000000ed600000| Complete 
| 215|0x00000000ed700000, 0x00000000ed800000, 0x00000000ed800000|100%| E|CS|TAMS 0x00000000ed700000| PB 0x00000000ed700000| Complete 
| 216|0x00000000ed800000, 0x00000000ed900000, 0x00000000ed900000|100%| E|CS|TAMS 0x00000000ed800000| PB 0x00000000ed800000| Complete 
| 217|0x00000000ed900000, 0x00000000eda00000, 0x00000000eda00000|100%| E|CS|TAMS 0x00000000ed900000| PB 0x00000000ed900000| Complete 
| 218|0x00000000eda00000, 0x00000000edb00000, 0x00000000edb00000|100%| E|CS|TAMS 0x00000000eda00000| PB 0x00000000eda00000| Complete 
| 219|0x00000000edb00000, 0x00000000edc00000, 0x00000000edc00000|100%| E|CS|TAMS 0x00000000edb00000| PB 0x00000000edb00000| Complete 
| 220|0x00000000edc00000, 0x00000000edd00000, 0x00000000edd00000|100%| E|CS|TAMS 0x00000000edc00000| PB 0x00000000edc00000| Complete 
| 221|0x00000000edd00000, 0x00000000ede00000, 0x00000000ede00000|100%| E|CS|TAMS 0x00000000edd00000| PB 0x00000000edd00000| Complete 
| 222|0x00000000ede00000, 0x00000000edf00000, 0x00000000edf00000|100%| E|CS|TAMS 0x00000000ede00000| PB 0x00000000ede00000| Complete 
| 223|0x00000000edf00000, 0x00000000ee000000, 0x00000000ee000000|100%| E|CS|TAMS 0x00000000edf00000| PB 0x00000000edf00000| Complete 
| 224|0x00000000ee000000, 0x00000000ee100000, 0x00000000ee100000|100%| E|CS|TAMS 0x00000000ee000000| PB 0x00000000ee000000| Complete 
| 225|0x00000000ee100000, 0x00000000ee200000, 0x00000000ee200000|100%| E|CS|TAMS 0x00000000ee100000| PB 0x00000000ee100000| Complete 
| 226|0x00000000ee200000, 0x00000000ee300000, 0x00000000ee300000|100%| E|CS|TAMS 0x00000000ee200000| PB 0x00000000ee200000| Complete 
| 227|0x00000000ee300000, 0x00000000ee400000, 0x00000000ee400000|100%| E|CS|TAMS 0x00000000ee300000| PB 0x00000000ee300000| Complete 
| 228|0x00000000ee400000, 0x00000000ee500000, 0x00000000ee500000|100%| E|CS|TAMS 0x00000000ee400000| PB 0x00000000ee400000| Complete 
| 229|0x00000000ee500000, 0x00000000ee600000, 0x00000000ee600000|100%| E|CS|TAMS 0x00000000ee500000| PB 0x00000000ee500000| Complete 
| 230|0x00000000ee600000, 0x00000000ee700000, 0x00000000ee700000|100%| E|CS|TAMS 0x00000000ee600000| PB 0x00000000ee600000| Complete 
| 231|0x00000000ee700000, 0x00000000ee800000, 0x00000000ee800000|100%| E|CS|TAMS 0x00000000ee700000| PB 0x00000000ee700000| Complete 
| 232|0x00000000ee800000, 0x00000000ee900000, 0x00000000ee900000|100%| E|CS|TAMS 0x00000000ee800000| PB 0x00000000ee800000| Complete 
| 233|0x00000000ee900000, 0x00000000eea00000, 0x00000000eea00000|100%| E|CS|TAMS 0x00000000ee900000| PB 0x00000000ee900000| Complete 
| 234|0x00000000eea00000, 0x00000000eeb00000, 0x00000000eeb00000|100%| E|CS|TAMS 0x00000000eea00000| PB 0x00000000eea00000| Complete 
| 235|0x00000000eeb00000, 0x00000000eec00000, 0x00000000eec00000|100%| E|CS|TAMS 0x00000000eeb00000| PB 0x00000000eeb00000| Complete 
| 236|0x00000000eec00000, 0x00000000eed00000, 0x00000000eed00000|100%| E|CS|TAMS 0x00000000eec00000| PB 0x00000000eec00000| Complete 
| 237|0x00000000eed00000, 0x00000000eee00000, 0x00000000eee00000|100%| E|CS|TAMS 0x00000000eed00000| PB 0x00000000eed00000| Complete 
| 238|0x00000000eee00000, 0x00000000eef00000, 0x00000000eef00000|100%| E|CS|TAMS 0x00000000eee00000| PB 0x00000000eee00000| Complete 
| 239|0x00000000eef00000, 0x00000000ef000000, 0x00000000ef000000|100%| S|CS|TAMS 0x00000000eef00000| PB 0x00000000eef00000| Complete 
| 240|0x00000000ef000000, 0x00000000ef100000, 0x00000000ef100000|100%| S|CS|TAMS 0x00000000ef000000| PB 0x00000000ef000000| Complete 
| 241|0x00000000ef100000, 0x00000000ef200000, 0x00000000ef200000|100%| E|CS|TAMS 0x00000000ef100000| PB 0x00000000ef100000| Complete 
| 242|0x00000000ef200000, 0x00000000ef300000, 0x00000000ef300000|100%| E|CS|TAMS 0x00000000ef200000| PB 0x00000000ef200000| Complete 
| 243|0x00000000ef300000, 0x00000000ef400000, 0x00000000ef400000|100%| E|CS|TAMS 0x00000000ef300000| PB 0x00000000ef300000| Complete 
| 244|0x00000000ef400000, 0x00000000ef500000, 0x00000000ef500000|100%| E|CS|TAMS 0x00000000ef400000| PB 0x00000000ef400000| Complete 
| 245|0x00000000ef500000, 0x00000000ef600000, 0x00000000ef600000|100%| E|CS|TAMS 0x00000000ef500000| PB 0x00000000ef500000| Complete 
| 246|0x00000000ef600000, 0x00000000ef700000, 0x00000000ef700000|100%| E|CS|TAMS 0x00000000ef600000| PB 0x00000000ef600000| Complete 
| 247|0x00000000ef700000, 0x00000000ef800000, 0x00000000ef800000|100%| E|CS|TAMS 0x00000000ef700000| PB 0x00000000ef700000| Complete 
| 248|0x00000000ef800000, 0x00000000ef900000, 0x00000000ef900000|100%| E|CS|TAMS 0x00000000ef800000| PB 0x00000000ef800000| Complete 
| 249|0x00000000ef900000, 0x00000000efa00000, 0x00000000efa00000|100%| E|CS|TAMS 0x00000000ef900000| PB 0x00000000ef900000| Complete 
| 250|0x00000000efa00000, 0x00000000efb00000, 0x00000000efb00000|100%| E|CS|TAMS 0x00000000efa00000| PB 0x00000000efa00000| Complete 
| 251|0x00000000efb00000, 0x00000000efc00000, 0x00000000efc00000|100%| E|CS|TAMS 0x00000000efb00000| PB 0x00000000efb00000| Complete 
| 252|0x00000000efc00000, 0x00000000efd00000, 0x00000000efd00000|100%| E|CS|TAMS 0x00000000efc00000| PB 0x00000000efc00000| Complete 
| 253|0x00000000efd00000, 0x00000000efe00000, 0x00000000efe00000|100%| E|CS|TAMS 0x00000000efd00000| PB 0x00000000efd00000| Complete 
| 254|0x00000000efe00000, 0x00000000eff00000, 0x00000000eff00000|100%| E|CS|TAMS 0x00000000efe00000| PB 0x00000000efe00000| Complete 
| 255|0x00000000eff00000, 0x00000000f0000000, 0x00000000f0000000|100%| E|CS|TAMS 0x00000000eff00000| PB 0x00000000eff00000| Complete 

Card table byte_map: [0x000001a22ca90000,0x000001a22cb90000] _byte_map_base: 0x000001a22c390000

Marking Bits: (CMBitMap*) 0x000001a21a26e2b0
 Bits: [0x000001a22cb90000, 0x000001a22d390000)

Polling page: 0x000001a218070000

Metaspace:

Usage:
  Non-class:     39.94 MB used.
      Class:      6.87 MB used.
       Both:     46.81 MB used.

Virtual space:
  Non-class space:       64.00 MB reserved,      40.75 MB ( 64%) committed,  1 nodes.
      Class space:      320.00 MB reserved,       7.69 MB (  2%) committed,  1 nodes.
             Both:      384.00 MB reserved,      48.44 MB ( 13%) committed. 

Chunk freelists:
   Non-Class:  6.41 MB
       Class:  8.35 MB
        Both:  14.75 MB

MaxMetaspaceSize: 384.00 MB
CompressedClassSpaceSize: 320.00 MB
Initial GC threshold: 21.00 MB
Current GC threshold: 59.69 MB
CDS: on
 - commit_granule_bytes: 65536.
 - commit_granule_words: 8192.
 - virtual_space_node_default_size: 8388608.
 - enlarge_chunks_in_place: 1.
 - use_allocation_guard: 0.


Internal statistics:

num_allocs_failed_limit: 12.
num_arena_births: 2900.
num_arena_deaths: 0.
num_vsnodes_births: 2.
num_vsnodes_deaths: 0.
num_space_committed: 775.
num_space_uncommitted: 0.
num_chunks_returned_to_freelist: 12.
num_chunks_taken_from_freelist: 5160.
num_chunk_merges: 12.
num_chunk_splits: 3334.
num_chunks_enlarged: 2049.
num_inconsistent_stats: 0.

CodeHeap 'non-profiled nmethods': size=120000Kb used=4140Kb max_used=4140Kb free=115859Kb
 bounds [0x000001a224f10000, 0x000001a225320000, 0x000001a22c440000]
CodeHeap 'profiled nmethods': size=120000Kb used=12581Kb max_used=12581Kb free=107418Kb
 bounds [0x000001a21d440000, 0x000001a21e090000, 0x000001a224970000]
CodeHeap 'non-nmethods': size=5760Kb used=1854Kb max_used=1903Kb free=3905Kb
 bounds [0x000001a224970000, 0x000001a224be0000, 0x000001a224f10000]
CodeCache: size=245760Kb, used=18575Kb, max_used=18624Kb, free=227182Kb
 total_blobs=7387, nmethods=6661, adapters=630, full_count=0
Compilation: enabled, stopped_count=0, restarted_count=0

Compilation events (20 events):
Event: 1013.618 Thread 0x000001a230005320 7217       3       org.gradle.internal.operations.BuildOperationProgressEventListenerAdapter::close (1 bytes)
Event: 1013.618 Thread 0x000001a230005320 nmethod 7217 0x000001a21e080410 code [0x000001a21e0805a0, 0x000001a21e0806a8]
Event: 1013.619 Thread 0x000001a230005320 7218       3       com.google.common.collect.ImmutableList::toImmutableList (4 bytes)
Event: 1013.620 Thread 0x000001a230005320 nmethod 7218 0x000001a21e080710 code [0x000001a21e0808c0, 0x000001a21e080a10]
Event: 1013.620 Thread 0x000001a230005320 7219       3       com.google.common.collect.CollectCollectors::toImmutableList (4 bytes)
Event: 1013.620 Thread 0x000001a230005320 nmethod 7219 0x000001a21e080b10 code [0x000001a21e080ca0, 0x000001a21e080d98]
Event: 1013.620 Thread 0x000001a230005320 7220       3       org.gradle.internal.operations.DefaultBuildOperationRunner$BuildOperationTrackingListener::close (42 bytes)
Event: 1013.621 Thread 0x000001a230005320 nmethod 7220 0x000001a21e080e10 code [0x000001a21e081040, 0x000001a21e081700]
Event: 1013.621 Thread 0x000001a230005320 7221       3       org.gradle.internal.execution.impl.DefaultFileNormalizationSpec::equals (71 bytes)
Event: 1013.622 Thread 0x000001a230005320 nmethod 7221 0x000001a21e081a10 code [0x000001a21e081be0, 0x000001a21e0820d0]
Event: 1013.625 Thread 0x000001a230004c70 nmethod 7215 0x000001a22531ac10 code [0x000001a22531ade0, 0x000001a22531b0b0]
Event: 1013.733 Thread 0x000001a230005320 7222       3       java.util.AbstractCollection::containsAll (38 bytes)
Event: 1013.733 Thread 0x000001a230005320 nmethod 7222 0x000001a21e082210 code [0x000001a21e082400, 0x000001a21e082938]
Event: 1013.757 Thread 0x000001a230005320 7223       3       org.gradle.internal.hash.Hashing$MessageDigestHasher::<init> (25 bytes)
Event: 1013.758 Thread 0x000001a230005320 nmethod 7223 0x000001a21e082a90 code [0x000001a21e082c60, 0x000001a21e082f10]
Event: 1013.758 Thread 0x000001a230005320 7224       3       org.gradle.internal.snapshot.AbstractListChildMap::withNewChild (36 bytes)
Event: 1013.759 Thread 0x000001a230005320 nmethod 7224 0x000001a21e083010 code [0x000001a21e083200, 0x000001a21e083628]
Event: 1013.828 Thread 0x000001a230004c70 7225       4       java.io.BufferedReader::implReadLine (301 bytes)
Event: 1013.873 Thread 0x000001a230005320 7226       3       com.google.common.collect.ImmutableSortedMap::fromEntries (353 bytes)
Event: 1015.876 Thread 0x000001a230005320 nmethod 7226 0x000001a21e083810 code [0x000001a21e083e80, 0x000001a21e0881c8]

GC Heap History (18 events):
Event: 1.253 GC heap before
{Heap before GC invocations=0 (full 0):
 garbage-first heap   total 262144K, used 26624K [0x00000000e0000000, 0x0000000100000000)
  region size 1024K, 23 young (23552K), 0 survivors (0K)
 Metaspace       used 1111K, committed 1216K, reserved 393216K
  class space    used 81K, committed 128K, reserved 327680K
}
Event: 1.380 GC heap after
{Heap after GC invocations=1 (full 0):
 garbage-first heap   total 262144K, used 9362K [0x00000000e0000000, 0x0000000100000000)
  region size 1024K, 3 young (3072K), 3 survivors (3072K)
 Metaspace       used 1111K, committed 1216K, reserved 393216K
  class space    used 81K, committed 128K, reserved 327680K
}
Event: 52.569 GC heap before
{Heap before GC invocations=1 (full 0):
 garbage-first heap   total 262144K, used 40082K [0x00000000e0000000, 0x0000000100000000)
  region size 1024K, 33 young (33792K), 3 survivors (3072K)
 Metaspace       used 4327K, committed 4544K, reserved 393216K
  class space    used 544K, committed 640K, reserved 327680K
}
Event: 52.577 GC heap after
{Heap after GC invocations=2 (full 0):
 garbage-first heap   total 262144K, used 11868K [0x00000000e0000000, 0x0000000100000000)
  region size 1024K, 3 young (3072K), 3 survivors (3072K)
 Metaspace       used 4327K, committed 4544K, reserved 393216K
  class space    used 544K, committed 640K, reserved 327680K
}
Event: 108.247 GC heap before
{Heap before GC invocations=2 (full 0):
 garbage-first heap   total 262144K, used 56924K [0x00000000e0000000, 0x0000000100000000)
  region size 1024K, 46 young (47104K), 3 survivors (3072K)
 Metaspace       used 5132K, committed 5312K, reserved 393216K
  class space    used 685K, committed 768K, reserved 327680K
}
Event: 108.256 GC heap after
{Heap after GC invocations=3 (full 0):
 garbage-first heap   total 262144K, used 17565K [0x00000000e0000000, 0x0000000100000000)
  region size 1024K, 6 young (6144K), 6 survivors (6144K)
 Metaspace       used 5132K, committed 5312K, reserved 393216K
  class space    used 685K, committed 768K, reserved 327680K
}
Event: 241.265 GC heap before
{Heap before GC invocations=3 (full 0):
 garbage-first heap   total 262144K, used 110749K [0x00000000e0000000, 0x0000000100000000)
  region size 1024K, 98 young (100352K), 6 survivors (6144K)
 Metaspace       used 20910K, committed 21504K, reserved 393216K
  class space    used 3058K, committed 3328K, reserved 327680K
}
Event: 241.351 GC heap after
{Heap after GC invocations=4 (full 0):
 garbage-first heap   total 262144K, used 25149K [0x00000000e0000000, 0x0000000100000000)
  region size 1024K, 14 young (14336K), 14 survivors (14336K)
 Metaspace       used 20910K, committed 21504K, reserved 393216K
  class space    used 3058K, committed 3328K, reserved 327680K
}
Event: 360.960 GC heap before
{Heap before GC invocations=5 (full 0):
 garbage-first heap   total 262144K, used 134717K [0x00000000e0000000, 0x0000000100000000)
  region size 1024K, 123 young (125952K), 14 survivors (14336K)
 Metaspace       used 34763K, committed 35968K, reserved 393216K
  class space    used 5033K, committed 5632K, reserved 327680K
}
Event: 361.018 GC heap after
{Heap after GC invocations=6 (full 0):
 garbage-first heap   total 262144K, used 33319K [0x00000000e0000000, 0x0000000100000000)
  region size 1024K, 16 young (16384K), 16 survivors (16384K)
 Metaspace       used 34763K, committed 35968K, reserved 393216K
  class space    used 5033K, committed 5632K, reserved 327680K
}
Event: 364.767 GC heap before
{Heap before GC invocations=6 (full 0):
 garbage-first heap   total 262144K, used 35367K [0x00000000e0000000, 0x0000000100000000)
  region size 1024K, 19 young (19456K), 16 survivors (16384K)
 Metaspace       used 35079K, committed 36288K, reserved 393216K
  class space    used 5093K, committed 5696K, reserved 327680K
}
Event: 364.811 GC heap after
{Heap after GC invocations=7 (full 0):
 garbage-first heap   total 262144K, used 32869K [0x00000000e0000000, 0x0000000100000000)
  region size 1024K, 8 young (8192K), 8 survivors (8192K)
 Metaspace       used 35079K, committed 36288K, reserved 393216K
  class space    used 5093K, committed 5696K, reserved 327680K
}
Event: 366.885 GC heap before
{Heap before GC invocations=7 (full 0):
 garbage-first heap   total 262144K, used 34917K [0x00000000e0000000, 0x0000000100000000)
  region size 1024K, 11 young (11264K), 8 survivors (8192K)
 Metaspace       used 35386K, committed 36608K, reserved 393216K
  class space    used 5139K, committed 5760K, reserved 327680K
}
Event: 366.906 GC heap after
{Heap after GC invocations=8 (full 0):
 garbage-first heap   total 262144K, used 32902K [0x00000000e0000000, 0x0000000100000000)
  region size 1024K, 8 young (8192K), 8 survivors (8192K)
 Metaspace       used 35386K, committed 36608K, reserved 393216K
  class space    used 5139K, committed 5760K, reserved 327680K
}
Event: 776.813 GC heap before
{Heap before GC invocations=9 (full 0):
 garbage-first heap   total 262144K, used 182406K [0x00000000e0000000, 0x0000000100000000)
  region size 1024K, 153 young (156672K), 8 survivors (8192K)
 Metaspace       used 46580K, committed 48128K, reserved 393216K
  class space    used 6846K, committed 7616K, reserved 327680K
}
Event: 777.123 GC heap after
{Heap after GC invocations=10 (full 0):
 garbage-first heap   total 262144K, used 38315K [0x00000000e0000000, 0x0000000100000000)
  region size 1024K, 14 young (14336K), 14 survivors (14336K)
 Metaspace       used 46580K, committed 48128K, reserved 393216K
  class space    used 6846K, committed 7616K, reserved 327680K
}
Event: 842.772 GC heap before
{Heap before GC invocations=10 (full 0):
 garbage-first heap   total 262144K, used 52651K [0x00000000e0000000, 0x0000000100000000)
  region size 1024K, 29 young (29696K), 14 survivors (14336K)
 Metaspace       used 46752K, committed 48320K, reserved 393216K
  class space    used 6872K, committed 7616K, reserved 327680K
}
Event: 842.822 GC heap after
{Heap after GC invocations=11 (full 0):
 garbage-first heap   total 262144K, used 39219K [0x00000000e0000000, 0x0000000100000000)
  region size 1024K, 2 young (2048K), 2 survivors (2048K)
 Metaspace       used 46752K, committed 48320K, reserved 393216K
  class space    used 6872K, committed 7616K, reserved 327680K
}

Dll operation events (20 events):
Event: 0.420 Attempting to load shared library C:\Users\Angelina Thennessa\.vscode\extensions\redhat.java-1.56.0-win32-x64\jre\21.0.12.1-win32-x86_64\bin\nio.dll
Event: 0.421 Loaded shared library C:\Users\Angelina Thennessa\.vscode\extensions\redhat.java-1.56.0-win32-x64\jre\21.0.12.1-win32-x86_64\bin\nio.dll
Event: 0.427 Attempting to load shared library C:\Users\Angelina Thennessa\.vscode\extensions\redhat.java-1.56.0-win32-x64\jre\21.0.12.1-win32-x86_64\bin\zip.dll
Event: 0.427 Loaded shared library C:\Users\Angelina Thennessa\.vscode\extensions\redhat.java-1.56.0-win32-x64\jre\21.0.12.1-win32-x86_64\bin\zip.dll
Event: 1.061 Attempting to load shared library C:\Users\Angelina Thennessa\.vscode\extensions\redhat.java-1.56.0-win32-x64\jre\21.0.12.1-win32-x86_64\bin\jimage.dll
Event: 1.061 Loaded shared library C:\Users\Angelina Thennessa\.vscode\extensions\redhat.java-1.56.0-win32-x64\jre\21.0.12.1-win32-x86_64\bin\jimage.dll
Event: 1.437 Attempting to load shared library C:\Users\Angelina Thennessa\.vscode\extensions\redhat.java-1.56.0-win32-x64\jre\21.0.12.1-win32-x86_64\bin\verify.dll
Event: 1.438 Loaded shared library C:\Users\Angelina Thennessa\.vscode\extensions\redhat.java-1.56.0-win32-x64\jre\21.0.12.1-win32-x86_64\bin\verify.dll
Event: 5.613 Attempting to load shared library C:\Users\Angelina Thennessa\.gradle\native\c067742578af261105cb4f569cf0c3c89f3d7b1fecec35dd04571415982c5e48\windows-amd64\native-platform.dll
Event: 5.646 Loaded shared library C:\Users\Angelina Thennessa\.gradle\native\c067742578af261105cb4f569cf0c3c89f3d7b1fecec35dd04571415982c5e48\windows-amd64\native-platform.dll
Event: 6.062 Attempting to load shared library C:\Users\Angelina Thennessa\.gradle\native\100fb08df4bc3b14c8652ba06237920a3bd2aa13389f12d3474272988ae205f9\windows-amd64\native-platform-file-events.dll
Event: 6.138 Loaded shared library C:\Users\Angelina Thennessa\.gradle\native\100fb08df4bc3b14c8652ba06237920a3bd2aa13389f12d3474272988ae205f9\windows-amd64\native-platform-file-events.dll
Event: 124.018 Attempting to load shared library C:\Users\Angelina Thennessa\.vscode\extensions\redhat.java-1.56.0-win32-x64\jre\21.0.12.1-win32-x86_64\bin\management.dll
Event: 124.019 Loaded shared library C:\Users\Angelina Thennessa\.vscode\extensions\redhat.java-1.56.0-win32-x64\jre\21.0.12.1-win32-x86_64\bin\management.dll
Event: 124.266 Attempting to load shared library C:\Users\Angelina Thennessa\.vscode\extensions\redhat.java-1.56.0-win32-x64\jre\21.0.12.1-win32-x86_64\bin\management_ext.dll
Event: 124.268 Loaded shared library C:\Users\Angelina Thennessa\.vscode\extensions\redhat.java-1.56.0-win32-x64\jre\21.0.12.1-win32-x86_64\bin\management_ext.dll
Event: 143.718 Attempting to load shared library C:\Users\Angelina Thennessa\.vscode\extensions\redhat.java-1.56.0-win32-x64\jre\21.0.12.1-win32-x86_64\bin\extnet.dll
Event: 143.719 Loaded shared library C:\Users\Angelina Thennessa\.vscode\extensions\redhat.java-1.56.0-win32-x64\jre\21.0.12.1-win32-x86_64\bin\extnet.dll
Event: 157.987 Attempting to load shared library C:\Users\Angelina Thennessa\.vscode\extensions\redhat.java-1.56.0-win32-x64\jre\21.0.12.1-win32-x86_64\bin\sunmscapi.dll
Event: 158.160 Loaded shared library C:\Users\Angelina Thennessa\.vscode\extensions\redhat.java-1.56.0-win32-x64\jre\21.0.12.1-win32-x86_64\bin\sunmscapi.dll

Deoptimization events (20 events):
Event: 934.609 Thread 0x000001a24a9a23a0 Uncommon trap: trap_request=0xffffffbe fr.pc=0x000001a2252e64e8 relative=0x0000000000004be8
Event: 934.609 Thread 0x000001a24a9a23a0 Uncommon trap: reason=profile_predicate action=maybe_recompile pc=0x000001a2252e64e8 method=org.gradle.internal.time.ExponentialBackoff.retryUntil(Lorg/gradle/internal/time/ExponentialBackoff$Query;)Ljava/lang/Object; @ 13 c2
Event: 934.609 Thread 0x000001a24a9a23a0 DEOPT PACKING pc=0x000001a2252e64e8 sp=0x0000004dc0cfe900
Event: 934.609 Thread 0x000001a24a9a23a0 DEOPT UNPACKING pc=0x000001a2249c4422 sp=0x0000004dc0cfe928 mode 2
Event: 935.560 Thread 0x000001a24a9a1d10 DEOPT PACKING pc=0x000001a21de3ecf9 sp=0x0000004dc0ffe9d0
Event: 935.560 Thread 0x000001a24a9a1d10 DEOPT UNPACKING pc=0x000001a2249c4bc2 sp=0x0000004dc0ffde70 mode 0
Event: 986.893 Thread 0x000001a24b4b7200 Uncommon trap: trap_request=0xffffffbe fr.pc=0x000001a2252e64e8 relative=0x0000000000004be8
Event: 986.893 Thread 0x000001a24b4b7200 Uncommon trap: reason=profile_predicate action=maybe_recompile pc=0x000001a2252e64e8 method=org.gradle.internal.time.ExponentialBackoff.retryUntil(Lorg/gradle/internal/time/ExponentialBackoff$Query;)Ljava/lang/Object; @ 13 c2
Event: 986.893 Thread 0x000001a24b4b7200 DEOPT PACKING pc=0x000001a2252e64e8 sp=0x0000004dc0efee80
Event: 986.893 Thread 0x000001a24b4b7200 DEOPT UNPACKING pc=0x000001a2249c4422 sp=0x0000004dc0efeea8 mode 2
Event: 1011.741 Thread 0x000001a24c128210 DEOPT PACKING pc=0x000001a21d9dd4c6 sp=0x0000004dc34fc6c0
Event: 1011.743 Thread 0x000001a24c128210 DEOPT UNPACKING pc=0x000001a2249c4bc2 sp=0x0000004dc34fbc40 mode 0
Event: 1011.828 Thread 0x000001a24a9a1d10 DEOPT PACKING pc=0x000001a21de3ecf9 sp=0x0000004dc0ffea50
Event: 1011.828 Thread 0x000001a24a9a1d10 DEOPT UNPACKING pc=0x000001a2249c4bc2 sp=0x0000004dc0ffdef0 mode 0
Event: 1012.310 Thread 0x000001a24c12a2e0 Uncommon trap: trap_request=0xffffff45 fr.pc=0x000001a225293470 relative=0x0000000000000150
Event: 1012.310 Thread 0x000001a24c12a2e0 Uncommon trap: reason=unstable_if action=reinterpret pc=0x000001a225293470 method=java.util.concurrent.locks.ReentrantLock$NonfairSync.tryAcquire(I)Z @ 13 c2
Event: 1012.310 Thread 0x000001a24c12a2e0 DEOPT PACKING pc=0x000001a225293470 sp=0x0000004dc38fc420
Event: 1012.311 Thread 0x000001a24c12a2e0 DEOPT UNPACKING pc=0x000001a2249c4422 sp=0x0000004dc38fc3c0 mode 2
Event: 1012.479 Thread 0x000001a24a9a1d10 DEOPT PACKING pc=0x000001a21d5cd95b sp=0x0000004dc0ffe9d0
Event: 1012.479 Thread 0x000001a24a9a1d10 DEOPT UNPACKING pc=0x000001a2249c4bc2 sp=0x0000004dc0ffde58 mode 0

Classes loaded (20 events):
Event: 888.556 Loading class jdk/internal/reflect/UTF8
Event: 888.559 Loading class jdk/internal/reflect/UTF8 done
Event: 888.595 Loading class jdk/internal/reflect/Label
Event: 888.631 Loading class jdk/internal/reflect/Label done
Event: 888.631 Loading class jdk/internal/reflect/Label$PatchInfo
Event: 888.631 Loading class jdk/internal/reflect/Label$PatchInfo done
Event: 888.634 Loading class jdk/internal/reflect/MethodAccessorGenerator$1
Event: 888.635 Loading class jdk/internal/reflect/MethodAccessorGenerator$1 done
Event: 888.635 Loading class jdk/internal/reflect/ClassDefiner
Event: 888.676 Loading class jdk/internal/reflect/ClassDefiner done
Event: 888.678 Loading class jdk/internal/reflect/ClassDefiner$1
Event: 888.678 Loading class jdk/internal/reflect/ClassDefiner$1 done
Event: 888.775 Loading class jdk/internal/reflect/SerializationConstructorAccessorImpl
Event: 888.776 Loading class jdk/internal/reflect/SerializationConstructorAccessorImpl done
Event: 895.939 Loading class java/nio/channels/Channels
Event: 895.970 Loading class java/nio/channels/Channels done
Event: 895.970 Loading class sun/nio/ch/Streams
Event: 895.970 Loading class sun/nio/ch/Streams done
Event: 895.970 Loading class sun/nio/ch/ChannelInputStream
Event: 895.972 Loading class sun/nio/ch/ChannelInputStream done

Classes unloaded (0 events):
No events

Classes redefined (0 events):
No events

Internal exceptions (20 events):
Event: 506.946 Thread 0x000001a24a0a0450 Exception <a 'java/lang/NoSuchMethodError'{0x00000000ea6343e8}: 'java.lang.Object java.lang.invoke.DirectMethodHandle$Holder.invokeSpecial(java.lang.Object, java.lang.Object, java.lang.Object, java.lang.Object, long)'> (0x00000000ea6343e8) 
thrown [s\src\hotspot\share\interpreter\linkResolver.cpp, line 773]
Event: 506.946 Thread 0x000001a24a0a0450 Exception <a 'java/lang/NoSuchMethodError'{0x00000000ea638858}: 'java.lang.Object java.lang.invoke.Invokers$Holder.linkToTargetMethod(java.lang.Object, java.lang.Object, long, java.lang.Object)'> (0x00000000ea638858) 
thrown [s\src\hotspot\share\interpreter\linkResolver.cpp, line 773]
Event: 510.465 Thread 0x000001a24a0a0450 Exception <a 'java/lang/NoSuchMethodError'{0x00000000ea47de28}: 'java.lang.Object java.lang.invoke.DirectMethodHandle$Holder.newInvokeSpecial(java.lang.Object, java.lang.Object, java.lang.Object, java.lang.Object, java.lang.Object, java.lang.Object, java.lang.Object, java.lang.Object, java.lang.Object, java.lang.Object, java.lang.Object, java.lang.Object, java.lang.Object, java.lang.Object, java.lang.Object, java.lang.Object, java.lang.Object, java.lang.Object, java.lang.Object, java.lang.Object, java.lang
Event: 510.514 Thread 0x000001a24a0a0450 Exception <a 'java/lang/NoSuchMethodError'{0x00000000ea485ff8}: 'java.lang.Object java.lang.invoke.DirectMethodHandle$Holder.invokeSpecial(java.lang.Object, java.lang.Object, java.lang.Object, java.lang.Object, java.lang.Object, java.lang.Object, java.lang.Object, java.lang.Object, java.lang.Object, java.lang.Object, java.lang.Object, java.lang.Object, java.lang.Object, java.lang.Object, java.lang.Object, java.lang.Object, java.lang.Object, java.lang.Object, java.lang.Object, java.lang.Object, java.lang.Ob
Event: 510.515 Thread 0x000001a24a0a0450 Exception <a 'java/lang/NoSuchMethodError'{0x00000000ea48c538}: 'java.lang.Object java.lang.invoke.DelegatingMethodHandle$Holder.reinvoke_L(java.lang.Object, java.lang.Object, java.lang.Object, java.lang.Object, java.lang.Object, java.lang.Object, java.lang.Object, java.lang.Object, java.lang.Object, java.lang.Object, java.lang.Object, java.lang.Object, java.lang.Object, java.lang.Object, java.lang.Object, java.lang.Object, java.lang.Object, java.lang.Object, java.lang.Object, java.lang.Object, java.lang.O
Event: 521.776 Thread 0x000001a24a0a0450 Exception <a 'java/lang/NoSuchMethodError'{0x00000000e9e5ab08}: 'java.lang.Object java.lang.invoke.DirectMethodHandle$Holder.newInvokeSpecial(java.lang.Object, java.lang.Object, int, java.lang.Object)'> (0x00000000e9e5ab08) 
thrown [s\src\hotspot\share\interpreter\linkResolver.cpp, line 773]
Event: 521.777 Thread 0x000001a24a0a0450 Exception <a 'java/lang/NoSuchMethodError'{0x00000000e9e5f5b8}: 'java.lang.Object java.lang.invoke.DirectMethodHandle$Holder.invokeSpecial(java.lang.Object, java.lang.Object, java.lang.Object, int, java.lang.Object)'> (0x00000000e9e5f5b8) 
thrown [s\src\hotspot\share\interpreter\linkResolver.cpp, line 773]
Event: 528.845 Thread 0x000001a24a0a0450 Exception <a 'java/lang/NoSuchMethodError'{0x00000000e9a0cde0}: 'java.lang.Object java.lang.invoke.DirectMethodHandle$Holder.newInvokeSpecial(java.lang.Object, int, java.lang.Object)'> (0x00000000e9a0cde0) 
thrown [s\src\hotspot\share\interpreter\linkResolver.cpp, line 773]
Event: 541.143 Thread 0x000001a24a0a0450 Exception <a 'java/lang/NoSuchMethodError'{0x00000000e9466d20}: 'java.lang.Object java.lang.invoke.DirectMethodHandle$Holder.newInvokeSpecial(java.lang.Object, java.lang.Object, java.lang.Object, int)'> (0x00000000e9466d20) 
thrown [s\src\hotspot\share\interpreter\linkResolver.cpp, line 773]
Event: 541.144 Thread 0x000001a24a0a0450 Exception <a 'java/lang/NoSuchMethodError'{0x00000000e946bab0}: 'java.lang.Object java.lang.invoke.DirectMethodHandle$Holder.invokeSpecial(java.lang.Object, java.lang.Object, java.lang.Object, java.lang.Object, int)'> (0x00000000e946bab0) 
thrown [s\src\hotspot\share\interpreter\linkResolver.cpp, line 773]
Event: 541.144 Thread 0x000001a24a0a0450 Exception <a 'java/lang/NoSuchMethodError'{0x00000000e94701c8}: 'java.lang.Object java.lang.invoke.Invokers$Holder.linkToTargetMethod(java.lang.Object, java.lang.Object, int, java.lang.Object)'> (0x00000000e94701c8) 
thrown [s\src\hotspot\share\interpreter\linkResolver.cpp, line 773]
Event: 551.534 Thread 0x000001a24a0a0450 Exception <a 'java/lang/NoSuchMethodError'{0x00000000e917ce30}: 'int java.lang.invoke.DirectMethodHandle$Holder.invokeSpecialIFC(java.lang.Object, java.lang.Object, java.lang.Object)'> (0x00000000e917ce30) 
thrown [s\src\hotspot\share\interpreter\linkResolver.cpp, line 773]
Event: 560.671 Thread 0x000001a24a0a0450 Exception <a 'java/lang/NoSuchMethodError'{0x00000000e8d9be98}: 'java.lang.Object java.lang.invoke.DirectMethodHandle$Holder.invokeSpecial(java.lang.Object, java.lang.Object, java.lang.Object, java.lang.Object, java.lang.Object, long)'> (0x00000000e8d9be98) 
thrown [s\src\hotspot\share\interpreter\linkResolver.cpp, line 773]
Event: 560.959 Thread 0x000001a24a0a0450 Exception <a 'java/lang/NoSuchMethodError'{0x00000000e8dc1d88}: 'void java.lang.invoke.DirectMethodHandle$Holder.invokeStatic(java.lang.Object, java.lang.Object, java.lang.Object, int, java.lang.Object)'> (0x00000000e8dc1d88) 
thrown [s\src\hotspot\share\interpreter\linkResolver.cpp, line 773]
Event: 578.272 Thread 0x000001a24a0a0450 Exception <a 'java/lang/NoSuchMethodError'{0x00000000e88624e8}: 'java.lang.Object java.lang.invoke.DirectMethodHandle$Holder.invokeSpecial(java.lang.Object, java.lang.Object, long, java.lang.Object, java.lang.Object)'> (0x00000000e88624e8) 
thrown [s\src\hotspot\share\interpreter\linkResolver.cpp, line 773]
Event: 602.105 Thread 0x000001a24a0a0450 Implicit null exception at 0x000001a225239761 to 0x000001a225239910
Event: 625.189 Thread 0x000001a24a0a0450 Implicit null exception at 0x000001a225236eba to 0x000001a225237060
Event: 889.384 Thread 0x000001a24a0a0450 Exception <a 'java/lang/NoSuchMethodError'{0x00000000ef6fa5d8}: 'java.lang.Object java.lang.invoke.DirectMethodHandle$Holder.newInvokeSpecial(java.lang.Object, java.lang.Object, java.lang.Object, java.lang.Object, int, java.lang.Object)'> (0x00000000ef6fa5d8) 
thrown [s\src\hotspot\share\interpreter\linkResolver.cpp, line 773]
Event: 889.590 Thread 0x000001a24a0a0450 Exception <a 'java/lang/NoSuchMethodError'{0x00000000ef503350}: 'java.lang.Object java.lang.invoke.Invokers$Holder.linkToTargetMethod(java.lang.Object, java.lang.Object, java.lang.Object, int, java.lang.Object, java.lang.Object)'> (0x00000000ef503350) 
thrown [s\src\hotspot\share\interpreter\linkResolver.cpp, line 773]
Event: 909.922 Thread 0x000001a24a0a0450 Exception <a 'java/lang/NoSuchMethodError'{0x00000000ee707278}: 'java.lang.Object java.lang.invoke.DirectMethodHandle$Holder.invokeSpecialIFC(java.lang.Object, java.lang.Object, java.lang.Object)'> (0x00000000ee707278) 
thrown [s\src\hotspot\share\interpreter\linkResolver.cpp, line 773]

ZGC Phase Switch (0 events):
No events

VM Operations (20 events):
Event: 947.722 Executing safepoint VM operation: Cleanup done
Event: 956.805 Executing safepoint VM operation: Cleanup
Event: 956.805 Executing safepoint VM operation: Cleanup done
Event: 962.036 Executing non-safepoint VM operation: HandshakeAllThreads (HandshakeForDeflation)
Event: 962.036 Executing non-safepoint VM operation: HandshakeAllThreads (HandshakeForDeflation) done
Event: 962.036 Executing non-safepoint VM operation: RendezvousGCThreads
Event: 962.036 Executing non-safepoint VM operation: RendezvousGCThreads done
Event: 986.202 Executing safepoint VM operation: Cleanup
Event: 986.202 Executing safepoint VM operation: Cleanup done
Event: 997.333 Executing safepoint VM operation: Cleanup
Event: 997.333 Executing safepoint VM operation: Cleanup done
Event: 1009.371 Executing safepoint VM operation: Cleanup
Event: 1009.371 Executing safepoint VM operation: Cleanup done
Event: 1010.385 Executing safepoint VM operation: Cleanup
Event: 1010.385 Executing safepoint VM operation: Cleanup done
Event: 1012.413 Executing safepoint VM operation: Cleanup
Event: 1012.477 Executing safepoint VM operation: Cleanup done
Event: 1013.491 Executing safepoint VM operation: Cleanup
Event: 1013.539 Executing safepoint VM operation: Cleanup done
Event: 1014.554 Executing safepoint VM operation: Cleanup

Memory protections (0 events):
No events

Nmethod flushes (20 events):
Event: 366.945 Thread 0x000001a22ffd5440 flushing  nmethod 0x000001a21d79a990
Event: 366.945 Thread 0x000001a22ffd5440 flushing  nmethod 0x000001a21d79c210
Event: 366.945 Thread 0x000001a22ffd5440 flushing  nmethod 0x000001a21d7e4710
Event: 366.945 Thread 0x000001a22ffd5440 flushing  nmethod 0x000001a21d7e4b10
Event: 366.945 Thread 0x000001a22ffd5440 flushing  nmethod 0x000001a21d7e5690
Event: 366.945 Thread 0x000001a22ffd5440 flushing  nmethod 0x000001a21d7e6710
Event: 366.945 Thread 0x000001a22ffd5440 flushing  nmethod 0x000001a21d7e8590
Event: 366.945 Thread 0x000001a22ffd5440 flushing  nmethod 0x000001a21d7e8e10
Event: 366.945 Thread 0x000001a22ffd5440 flushing  nmethod 0x000001a21d7f7390
Event: 366.945 Thread 0x000001a22ffd5440 flushing  nmethod 0x000001a21d7f9f10
Event: 366.945 Thread 0x000001a22ffd5440 flushing  nmethod 0x000001a21d7fa290
Event: 366.945 Thread 0x000001a22ffd5440 flushing  nmethod 0x000001a21d7fb410
Event: 366.945 Thread 0x000001a22ffd5440 flushing  nmethod 0x000001a21d80a190
Event: 366.945 Thread 0x000001a22ffd5440 flushing  nmethod 0x000001a21d850b90
Event: 366.945 Thread 0x000001a22ffd5440 flushing  nmethod 0x000001a21d853390
Event: 366.945 Thread 0x000001a22ffd5440 flushing  nmethod 0x000001a21d85ae10
Event: 366.945 Thread 0x000001a22ffd5440 flushing  nmethod 0x000001a21d85ba10
Event: 366.945 Thread 0x000001a22ffd5440 flushing  nmethod 0x000001a21d873010
Event: 366.945 Thread 0x000001a22ffd5440 flushing  nmethod 0x000001a21d873890
Event: 366.945 Thread 0x000001a22ffd5440 flushing  nmethod 0x000001a21d876d90

Events (20 events):
Event: 895.287 Thread 0x000001a24a0a0450 Thread added: 0x000001a24b4bd470
Event: 895.331 Thread 0x000001a24a0a0450 Thread added: 0x000001a24a9a4470
Event: 895.381 Thread 0x000001a24a0a0450 Thread added: 0x000001a24c125ab0
Event: 895.456 Thread 0x000001a24a0a0450 Thread added: 0x000001a24c124700
Event: 895.583 Thread 0x000001a24a0a0450 Thread added: 0x000001a24c124070
Event: 895.613 Thread 0x000001a24a0a0450 Thread added: 0x000001a24c127b80
Event: 895.630 Thread 0x000001a24a0a0450 Thread added: 0x000001a24c126140
Event: 895.665 Thread 0x000001a24a0a0450 Thread added: 0x000001a24c126e60
Event: 895.771 Thread 0x000001a24a0a0450 Thread added: 0x000001a24c1267d0
Event: 909.942 Thread 0x000001a24a0a0450 Thread added: 0x000001a24c125420
Event: 909.978 Thread 0x000001a24a0a0450 Thread added: 0x000001a24c1274f0
Event: 910.072 Thread 0x000001a24a0a0450 Thread added: 0x000001a24c128210
Event: 910.129 Thread 0x000001a24a0a0450 Thread added: 0x000001a24c124d90
Event: 910.225 Thread 0x000001a24a0a0450 Thread added: 0x000001a24c1288a0
Event: 910.272 Thread 0x000001a24a0a0450 Thread added: 0x000001a24c12a970
Event: 910.317 Thread 0x000001a24a0a0450 Thread added: 0x000001a24c12a2e0
Event: 910.334 Thread 0x000001a24a0a0450 Thread added: 0x000001a24c128f30
Event: 910.402 Thread 0x000001a24a0a0450 Thread added: 0x000001a24c129c50
Event: 910.452 Thread 0x000001a24a0a0450 Thread added: 0x000001a24c12b690
Event: 910.454 Thread 0x000001a24a0a0450 Thread added: 0x000001a24c1295c0


Dynamic libraries:
0x00007ff64eb40000 - 0x00007ff64eb4e000 	C:\Users\Angelina Thennessa\.vscode\extensions\redhat.java-1.56.0-win32-x64\jre\21.0.12.1-win32-x86_64\bin\java.exe
0x00007ffe5d260000 - 0x00007ffe5d4c6000 	C:\Windows\SYSTEM32\ntdll.dll
0x00007ffe5bcd0000 - 0x00007ffe5bd99000 	C:\Windows\System32\KERNEL32.DLL
0x00007ffe5a720000 - 0x00007ffe5ab1f000 	C:\Windows\System32\KERNELBASE.dll
0x00007ffe5ae30000 - 0x00007ffe5af7c000 	C:\Windows\System32\ucrtbase.dll
0x00007ffe442f0000 - 0x00007ffe4430e000 	C:\Users\Angelina Thennessa\.vscode\extensions\redhat.java-1.56.0-win32-x64\jre\21.0.12.1-win32-x86_64\bin\VCRUNTIME140.dll
0x00007ffe43960000 - 0x00007ffe43978000 	C:\Users\Angelina Thennessa\.vscode\extensions\redhat.java-1.56.0-win32-x64\jre\21.0.12.1-win32-x86_64\bin\jli.dll
0x00007ffe5b640000 - 0x00007ffe5b806000 	C:\Windows\System32\USER32.dll
0x00007ffe5a6f0000 - 0x00007ffe5a717000 	C:\Windows\System32\win32u.dll
0x00007ffe5ba70000 - 0x00007ffe5ba9b000 	C:\Windows\System32\GDI32.dll
0x00007ffe5a470000 - 0x00007ffe5a599000 	C:\Windows\System32\gdi32full.dll
0x00007ffe5acc0000 - 0x00007ffe5ad63000 	C:\Windows\System32\msvcp_win.dll
0x00007ffe38b20000 - 0x00007ffe38db1000 	C:\Windows\WinSxS\amd64_microsoft.windows.common-controls_6595b64144ccf1df_6.0.26100.8972_none_3e0da176e32f9d4b\COMCTL32.dll
0x00007ffe5bc20000 - 0x00007ffe5bcc9000 	C:\Windows\System32\msvcrt.dll
0x00007ffe5b530000 - 0x00007ffe5b562000 	C:\Windows\System32\IMM32.DLL
0x00007ffe442e0000 - 0x00007ffe442ec000 	C:\Users\Angelina Thennessa\.vscode\extensions\redhat.java-1.56.0-win32-x64\jre\21.0.12.1-win32-x86_64\bin\vcruntime140_1.dll
0x00007ffe3d620000 - 0x00007ffe3d6ad000 	C:\Users\Angelina Thennessa\.vscode\extensions\redhat.java-1.56.0-win32-x64\jre\21.0.12.1-win32-x86_64\bin\msvcp140.dll
0x00007ffde1940000 - 0x00007ffde26e2000 	C:\Users\Angelina Thennessa\.vscode\extensions\redhat.java-1.56.0-win32-x64\jre\21.0.12.1-win32-x86_64\bin\server\jvm.dll
0x00007ffe5baa0000 - 0x00007ffe5bb5c000 	C:\Windows\System32\ADVAPI32.dll
0x00007ffe5bb70000 - 0x00007ffe5bc1a000 	C:\Windows\System32\sechost.dll
0x00007ffe5bea0000 - 0x00007ffe5bfb8000 	C:\Windows\System32\RPCRT4.dll
0x00007ffe5cd10000 - 0x00007ffe5cd92000 	C:\Windows\System32\WS2_32.dll
0x00007ffe5a2d0000 - 0x00007ffe5a32e000 	C:\Windows\SYSTEM32\POWRPROF.dll
0x00007ffe4e610000 - 0x00007ffe4e646000 	C:\Windows\SYSTEM32\WINMM.dll
0x00007ffe4d570000 - 0x00007ffe4d57b000 	C:\Windows\SYSTEM32\VERSION.dll
0x00007ffe5a2b0000 - 0x00007ffe5a2c5000 	C:\Windows\SYSTEM32\UMPDC.dll
0x00007ffe59160000 - 0x00007ffe5917b000 	C:\Windows\SYSTEM32\kernel.appcore.dll
0x00007ffe438f0000 - 0x00007ffe438fa000 	C:\Users\Angelina Thennessa\.vscode\extensions\redhat.java-1.56.0-win32-x64\jre\21.0.12.1-win32-x86_64\bin\jimage.dll
0x00007ffe57900000 - 0x00007ffe57b42000 	C:\Windows\SYSTEM32\DBGHELP.DLL
0x00007ffe5af90000 - 0x00007ffe5b315000 	C:\Windows\System32\combase.dll
0x00007ffe5b810000 - 0x00007ffe5b8e9000 	C:\Windows\System32\OLEAUT32.dll
0x00007ffe3aee0000 - 0x00007ffe3af1b000 	C:\Windows\SYSTEM32\dbgcore.DLL
0x00007ffe5a630000 - 0x00007ffe5a6dc000 	C:\Windows\System32\bcryptPrimitives.dll
0x00007ffe438e0000 - 0x00007ffe438ef000 	C:\Users\Angelina Thennessa\.vscode\extensions\redhat.java-1.56.0-win32-x64\jre\21.0.12.1-win32-x86_64\bin\instrument.dll
0x00007ffe43940000 - 0x00007ffe43960000 	C:\Users\Angelina Thennessa\.vscode\extensions\redhat.java-1.56.0-win32-x64\jre\21.0.12.1-win32-x86_64\bin\java.dll
0x00007ffe5bfc0000 - 0x00007ffe5c748000 	C:\Windows\System32\SHELL32.dll
0x00007ffe57f20000 - 0x00007ffe587bb000 	C:\Windows\SYSTEM32\windows.storage.dll
0x00007ffe5bda0000 - 0x00007ffe5be99000 	C:\Windows\System32\SHCORE.dll
0x00007ffe5b320000 - 0x00007ffe5b386000 	C:\Windows\System32\shlwapi.dll
0x00007ffe5a390000 - 0x00007ffe5a3b9000 	C:\Windows\SYSTEM32\profapi.dll
0x00007ffe3e0c0000 - 0x00007ffe3e0d8000 	C:\Users\Angelina Thennessa\.vscode\extensions\redhat.java-1.56.0-win32-x64\jre\21.0.12.1-win32-x86_64\bin\zip.dll
0x00007ffe43900000 - 0x00007ffe43910000 	C:\Users\Angelina Thennessa\.vscode\extensions\redhat.java-1.56.0-win32-x64\jre\21.0.12.1-win32-x86_64\bin\net.dll
0x00007ffe504f0000 - 0x00007ffe50618000 	C:\Windows\SYSTEM32\WINHTTP.dll
0x00007ffe59710000 - 0x00007ffe5977c000 	C:\Windows\system32\mswsock.dll
0x00007ffe3d420000 - 0x00007ffe3d436000 	C:\Users\Angelina Thennessa\.vscode\extensions\redhat.java-1.56.0-win32-x64\jre\21.0.12.1-win32-x86_64\bin\nio.dll
0x00007ffe43910000 - 0x00007ffe43920000 	C:\Users\Angelina Thennessa\.vscode\extensions\redhat.java-1.56.0-win32-x64\jre\21.0.12.1-win32-x86_64\bin\verify.dll
0x00007ffe41d70000 - 0x00007ffe41d97000 	C:\Users\Angelina Thennessa\.gradle\native\c067742578af261105cb4f569cf0c3c89f3d7b1fecec35dd04571415982c5e48\windows-amd64\native-platform.dll
0x00007ffddeff0000 - 0x00007ffddf134000 	C:\Users\Angelina Thennessa\.gradle\native\100fb08df4bc3b14c8652ba06237920a3bd2aa13389f12d3474272988ae205f9\windows-amd64\native-platform-file-events.dll
0x00007ffe3e0e0000 - 0x00007ffe3e0ea000 	C:\Users\Angelina Thennessa\.vscode\extensions\redhat.java-1.56.0-win32-x64\jre\21.0.12.1-win32-x86_64\bin\management.dll
0x00007ffe3dcc0000 - 0x00007ffe3dccc000 	C:\Users\Angelina Thennessa\.vscode\extensions\redhat.java-1.56.0-win32-x64\jre\21.0.12.1-win32-x86_64\bin\management_ext.dll
0x00007ffe5b630000 - 0x00007ffe5b638000 	C:\Windows\System32\PSAPI.DLL
0x00007ffe59a00000 - 0x00007ffe59a1b000 	C:\Windows\SYSTEM32\CRYPTSP.dll
0x00007ffe590c0000 - 0x00007ffe590f9000 	C:\Windows\system32\rsaenh.dll
0x00007ffe597c0000 - 0x00007ffe597f2000 	C:\Windows\SYSTEM32\USERENV.dll
0x00007ffe5a360000 - 0x00007ffe5a38a000 	C:\Windows\SYSTEM32\bcrypt.dll
0x00007ffe59a20000 - 0x00007ffe59a2c000 	C:\Windows\SYSTEM32\CRYPTBASE.dll
0x00007ffe58bc0000 - 0x00007ffe58bf3000 	C:\Windows\SYSTEM32\IPHLPAPI.DLL
0x00007ffe5c750000 - 0x00007ffe5c75a000 	C:\Windows\System32\NSI.dll
0x00007ffe43920000 - 0x00007ffe43929000 	C:\Users\Angelina Thennessa\.vscode\extensions\redhat.java-1.56.0-win32-x64\jre\21.0.12.1-win32-x86_64\bin\extnet.dll
0x00007ffe43930000 - 0x00007ffe4393e000 	C:\Users\Angelina Thennessa\.vscode\extensions\redhat.java-1.56.0-win32-x64\jre\21.0.12.1-win32-x86_64\bin\sunmscapi.dll
0x00007ffe5ab30000 - 0x00007ffe5acae000 	C:\Windows\System32\CRYPT32.dll
0x00007ffe59c40000 - 0x00007ffe59c70000 	C:\Windows\SYSTEM32\ncrypt.dll
0x00007ffe59bf0000 - 0x00007ffe59c2f000 	C:\Windows\SYSTEM32\NTASN1.dll
0x00007ffe12720000 - 0x00007ffe12728000 	C:\Windows\system32\wshunix.dll

JVMTI agents:
C:\Users\Angelina Thennessa\.gradle\wrapper\dists\gradle-8.9-bin\90cnw93cvbtalezasaz0blq0a\gradle-8.9\lib\agents\gradle-instrumentation-agent-8.9.jar path:C:\Users\Angelina Thennessa\.vscode\extensions\redhat.java-1.56.0-win32-x64\jre\21.0.12.1-win32-x86_64\bin\instrument.dll, loaded, initialized, instrumentlib options:none

dbghelp: loaded successfully - version: 4.0.5 - missing functions: none
symbol engine: initialized successfully - sym options: 0x614 - pdb path: .;C:\Users\Angelina Thennessa\.vscode\extensions\redhat.java-1.56.0-win32-x64\jre\21.0.12.1-win32-x86_64\bin;C:\Windows\SYSTEM32;C:\Windows\WinSxS\amd64_microsoft.windows.common-controls_6595b64144ccf1df_6.0.26100.8972_none_3e0da176e32f9d4b;C:\Users\Angelina Thennessa\.vscode\extensions\redhat.java-1.56.0-win32-x64\jre\21.0.12.1-win32-x86_64\bin\server;C:\Users\Angelina Thennessa\.gradle\native\c067742578af261105cb4f569cf0c3c89f3d7b1fecec35dd04571415982c5e48\windows-amd64;C:\Users\Angelina Thennessa\.gradle\native\100fb08df4bc3b14c8652ba06237920a3bd2aa13389f12d3474272988ae205f9\windows-amd64

VM Arguments:
jvm_args: --add-opens=java.base/java.util=ALL-UNNAMED --add-opens=java.base/java.lang=ALL-UNNAMED --add-opens=java.base/java.lang.invoke=ALL-UNNAMED --add-opens=java.prefs/java.util.prefs=ALL-UNNAMED --add-exports=jdk.compiler/com.sun.tools.javac.api=ALL-UNNAMED --add-exports=jdk.compiler/com.sun.tools.javac.util=ALL-UNNAMED --add-opens=java.base/java.nio.charset=ALL-UNNAMED --add-opens=java.base/java.net=ALL-UNNAMED --add-opens=java.base/java.util.concurrent.atomic=ALL-UNNAMED -XX:MaxMetaspaceSize=384m -XX:+HeapDumpOnOutOfMemoryError -Xms256m -Xmx512m -Dfile.encoding=utf8 -Duser.country=US -Duser.language=en -Duser.variant -javaagent:C:\Users\Angelina Thennessa\.gradle\wrapper\dists\gradle-8.9-bin\90cnw93cvbtalezasaz0blq0a\gradle-8.9\lib\agents\gradle-instrumentation-agent-8.9.jar 
java_command: org.gradle.launcher.daemon.bootstrap.GradleDaemon 8.9
java_class_path (initial): C:\Users\Angelina Thennessa\.gradle\wrapper\dists\gradle-8.9-bin\90cnw93cvbtalezasaz0blq0a\gradle-8.9\lib\gradle-daemon-main-8.9.jar
Launcher Type: SUN_STANDARD

[Global flags]
     intx CICompilerCount                          = 4                                         {product} {ergonomic}
   size_t CompressedClassSpaceSize                 = 335544320                                 {product} {ergonomic}
     uint ConcGCThreads                            = 3                                         {product} {ergonomic}
     uint G1ConcRefinementThreads                  = 10                                        {product} {ergonomic}
   size_t G1HeapRegionSize                         = 1048576                                   {product} {ergonomic}
    uintx GCDrainStackTargetSize                   = 64                                        {product} {ergonomic}
     bool HeapDumpOnOutOfMemoryError               = true                                   {manageable} {command line}
   size_t InitialHeapSize                          = 268435456                                 {product} {command line}
   size_t MarkStackSize                            = 4194304                                   {product} {ergonomic}
   size_t MaxHeapSize                              = 536870912                                 {product} {command line}
   size_t MaxMetaspaceSize                         = 402653184                                 {product} {command line}
   size_t MaxNewSize                               = 321912832                                 {product} {ergonomic}
   size_t MinHeapDeltaBytes                        = 1048576                                   {product} {ergonomic}
   size_t MinHeapSize                              = 268435456                                 {product} {command line}
    uintx NonNMethodCodeHeapSize                   = 5839372                                {pd product} {ergonomic}
    uintx NonProfiledCodeHeapSize                  = 122909434                              {pd product} {ergonomic}
    uintx ProfiledCodeHeapSize                     = 122909434                              {pd product} {ergonomic}
    uintx ReservedCodeCacheSize                    = 251658240                              {pd product} {ergonomic}
     bool SegmentedCodeCache                       = true                                      {product} {ergonomic}
   size_t SoftMaxHeapSize                          = 536870912                              {manageable} {ergonomic}
     bool UseCompressedOops                        = true                           {product lp64_product} {ergonomic}
     bool UseG1GC                                  = true                                      {product} {ergonomic}
     bool UseLargePagesIndividualAllocation        = false                                  {pd product} {ergonomic}

Logging:
Log output configuration:
 #0: stdout all=warning uptime,level,tags foldmultilines=false
 #1: stderr all=off uptime,level,tags foldmultilines=false

Release file:
JAVA_VERSION="21.0.12.1" 
MODULES="java.base java.compiler java.datatransfer java.xml java.prefs java.desktop java.instrument java.logging java.management java.security.sasl java.naming java.rmi java.management.rmi java.net.http java.scripting java.security.jgss java.transaction.xa java.sql java.sql.rowset java.xml.crypto java.se java.smartcardio jdk.accessibility jdk.internal.jvmstat jdk.attach jdk.charsets jdk.internal.opt jdk.zipfs jdk.compiler jdk.crypto.ec jdk.crypto.cryptoki jdk.crypto.mscapi jdk.dynalink jdk.internal.ed jdk.editpad jdk.hotspot.agent jdk.httpserver jdk.internal.le jdk.internal.vm.ci jdk.internal.vm.compiler jdk.internal.vm.compiler.management jdk.jartool jdk.javadoc jdk.jcmd jdk.management jdk.management.agent jdk.jconsole jdk.jdeps jdk.jdwp.agent jdk.jdi jdk.jfr jdk.jshell jdk.jsobject jdk.jstatd jdk.localedata jdk.management.jfr jdk.naming.dns jdk.naming.rmi jdk.net jdk.nio.mapmode jdk.random jdk.sctp jdk.security.auth jdk.security.jgss jdk.unsupported jdk.unsupported.desktop jdk.xml.dom" 

Environment Variables:
PATH=C:\laragon\bin\composer;C:\laragon\bin\git\bin;C:\laragon\bin\git\cmd;C:\laragon\bin\git\mingw64\bin;C:\laragon\bin\git\usr\bin;C:\laragon\bin\mysql\mysql-8.4.3-winx64\bin;C:\laragon\bin\ngrok;C:\laragon\bin\nodejs\node-v22;C:\laragon\bin\php\php-8.3.30-Win32-vs16-x64;C:\laragon\bin\python\python-3.13;C:\laragon\bin\python\python-3.13\Scripts;C:\laragon\usr\bin;C:\Users\Angelina Thennessa\AppData\Local\Yarn\config\global\node_modules\.bin;C:\Users\Angelina Thennessa\AppData\Roaming\Composer\vendor\bin;C:\Users\Angelina Thennessa\AppData\Roaming\npm;C:\Users\Angelina Thennessa\.local\bin;C:\Users\Angelina Thennessa\.config\herd-lite\bin;C:\Users\Angelina Thennessa\AppData\Local\Microsoft\WindowsApps;C:\Users\Angelina Thennessa\AppData\Local\Programs\Microsoft VS Code\bin;D:\CollageStuff\Semester 5\MobileProgramming\flutter\bin;C:\Program Files\Git\cmd;C:\Windows\System32;C:\Android\Sdk;C:\laragon\bin\composer;C:\laragon\bin\git\bin;C:\laragon\bin\git\cmd;C:\laragon\bin\git\mingw64\bin;C:\laragon\bin\git\usr\bin;C:\laragon\bin\mysql\mysql-8.4.3-winx64\bin;C:\laragon\bin\ngrok;C:\laragon\bin\nodejs\node-v22;C:\laragon\bin\php\php-8.3.30-Win32-vs16-x64;C:\laragon\bin\python\python-3.13;C:\laragon\bin\python\python-3.13\Scripts;C:\laragon\usr\bin;C:\Users\Angelina Thennessa\AppData\Local\Yarn\config\global\node_modules\.bin;C:\Users\Angelina Thennessa\AppData\Roaming\Composer\vendor\bin;C:\Users\Angelina Thennessa\AppData\Roaming\npm;C:\Users\Angelina Thennessa\.local\bin;C:\Users\Angelina Thennessa\.config\herd-lite\bin;C:\Users\Angelina Thennessa\AppData\Local\Microsoft\WindowsApps;C:\Users\Angelina Thennessa\AppData\Local\Programs\Microsoft VS Code\bin;C:\src\flutter\bin;
USERNAME=Angelina Thennessa
OS=Windows_NT
PROCESSOR_IDENTIFIER=Intel64 Family 6 Model 186 Stepping 2, GenuineIntel
TMP=C:\Users\ANGELI~1\AppData\Local\Temp
TEMP=C:\Users\ANGELI~1\AppData\Local\Temp




Periodic native trim disabled

---------------  S Y S T E M  ---------------

OS:
 Windows 11 , 64 bit Build 26100 (10.0.26100.9168)
OS uptime: 0 days 22:56 hours
Hyper-V role detected

CPU: total 12 (initial active 12) (6 cores per cpu, 2 threads per core) family 6 model 186 stepping 2 microcode 0x5105, cx8, cmov, fxsr, ht, mmx, 3dnowpref, sse, sse2, sse3, ssse3, sse4.1, sse4.2, popcnt, lzcnt, tsc, tscinvbit, avx, avx2, aes, erms, clmul, bmi1, bmi2, adx, sha, fma, vzeroupper, clflush, clflushopt, clwb, hv, serialize, rdtscp, rdpid, fsrm, f16c, cet_ibt, cet_ss
Processor Information for processor 0
  Max Mhz: 2100, Current Mhz: 1453, Mhz Limit: 2100
Processor Information for processor 1
  Max Mhz: 2100, Current Mhz: 1453, Mhz Limit: 2100
Processor Information for processor 2
  Max Mhz: 2100, Current Mhz: 1453, Mhz Limit: 2100
Processor Information for processor 3
  Max Mhz: 2100, Current Mhz: 1453, Mhz Limit: 2100
Processor Information for processor 4
  Max Mhz: 2100, Current Mhz: 1453, Mhz Limit: 2100
Processor Information for processor 5
  Max Mhz: 2100, Current Mhz: 1453, Mhz Limit: 2100
Processor Information for processor 6
  Max Mhz: 2100, Current Mhz: 1453, Mhz Limit: 2100
Processor Information for processor 7
  Max Mhz: 2100, Current Mhz: 1453, Mhz Limit: 2100
Processor Information for processor 8
  Max Mhz: 2100, Current Mhz: 1500, Mhz Limit: 1491
Processor Information for processor 9
  Max Mhz: 2100, Current Mhz: 1500, Mhz Limit: 1491
Processor Information for processor 10
  Max Mhz: 2100, Current Mhz: 1500, Mhz Limit: 1491
Processor Information for processor 11
  Max Mhz: 2100, Current Mhz: 1500, Mhz Limit: 1491

Memory: 4k page, system-wide physical 16046M (163M free)
TotalPageFile size 41497M (AvailPageFile size 0M)
current process WorkingSet (physical memory assigned to process): 105M, peak: 273M
current process commit charge ("private bytes"): 462M, peak: 477M

vm_info: OpenJDK 64-Bit Server VM (21.0.12.1+1-LTS) for windows-amd64 JRE (21.0.12.1+1-LTS), built on 2026-08-18T00:00:00Z by "admin" with MS VC++ 17.12 (VS2022)

END.
